2026-08-30 17:35:12 нет в архиве: 1 (zkc)
2026-08-30 17:35:12 добор новичков: zkc
2026-08-30 17:35:13 код 1 · токен/тариф не отвечает даже на минимальный запрос — стоп
2026-08-31 00:52:11 нет в архиве: 1 (anime)
2026-08-31 00:52:11 добор новичков: anime
2026-08-31 00:52:12 код 1 · токен/тариф не отвечает даже на минимальный запрос — стоп
2026-08-31 01:03:09 нет в архиве: 1 (anime)
2026-08-31 01:03:09 добор новичков: anime
2026-08-31 01:03:10 код 1 · токен/тариф не отвечает даже на минимальный запрос — стоп
2026-08-31 01:03:10 данные по 2026-08-29, ждём 2026-08-30 (возраст 5.1 ч)
2026-08-31 01:03:10 дозабор, попытка 1: /Users/evgenijminko/Work/random/python/cryptoquant_fetch.py --update --journal /Users/evgenijminko/Work/random/python/output/leaders.json --out /Users/evgenijminko/Work/random/python/cq_v2
2026-08-31 01:03:12 код 1 · токен/тариф не отвечает даже на минимальный запрос — стоп
2026-08-31 06:57:45 нет в архиве: 1 (axl)
2026-08-31 06:57:45 добор новичков: axl
2026-08-31 06:57:54 код 0 · готово: /Users/evgenijminko/Work/random/python/cq_v2/ · сводка _summary.json (прицельно, full_at не тронут)
2026-08-31 14:40:04 нет в архиве: 1 (flock)
2026-08-31 14:40:04 добор новичков: flock
2026-08-31 14:40:17 код 0 · готово: /Users/evgenijminko/Work/random/python/cq_v2/ · сводка _summary.json (прицельно, full_at не тронут)
2026-08-31 21:39:08 полный обход старше 20 ч (возраст 20.4 ч)
2026-08-31 21:39:08 дозабор, попытка 1: /Users/evgenijminko/Work/random/python/cryptoquant_fetch.py --update --journal /Users/evgenijminko/Work/random/python/output/leaders.json --out /Users/evgenijminko/Work/random/python/cq_v2
2026-08-31 21:51:19 код 0 · готово: /Users/evgenijminko/Work/random/python/cq_v2/ · сводка _summary.json
2026-08-31 23:02:52 нет в архиве: 1 (arb)
2026-08-31 23:02:52 добор новичков: arb
2026-08-31 23:03:04 код 0 · готово: /Users/evgenijminko/Work/random/python/cq_v2/ · сводка _summary.json (прицельно, full_at не тронут)
2026-09-01 00:40:34 нет в архиве: 1 (dogs)
2026-09-01 00:40:34 добор новичков: dogs
2026-09-01 00:40:46 код 0 · готово: /Users/evgenijminko/Work/random/python/cq_v2/ · сводка _summary.json (прицельно, full_at не тронут)
2026-09-01 01:53:42 данные по 2026-08-30, ждём 2026-08-31 (возраст 4.0 ч)
2026-09-01 01:53:42 дозабор, попытка 1: /Users/evgenijminko/Work/random/python/cryptoquant_fetch.py --update --journal /Users/evgenijminko/Work/random/python/output/leaders.json --out /Users/evgenijminko/Work/random/python/cq_v2
2026-09-01 02:06:32 код 0 · готово: /Users/evgenijminko/Work/random/python/cq_v2/ · сводка _summary.json
2026-09-01 03:18:49 нет в архиве: 1 (coti)
2026-09-01 03:18:49 добор новичков: coti
2026-09-01 03:18:58 код 0 · готово: /Users/evgenijminko/Work/random/python/cq_v2/ · сводка _summary.json (прицельно, full_at не тронут)
2026-09-01 06:51:16 нет в архиве: 1 (somi)
2026-09-01 06:51:16 добор новичков: somi
2026-09-01 06:51:30 код 0 · готово: /Users/evgenijminko/Work/random/python/cq_v2/ · сводка _summary.json (прицельно, full_at не тронут)
2026-09-01 09:57:38 нет в архиве: 1 (useless)
2026-09-01 09:57:38 добор новичков: useless
2026-09-01 09:57:51 код 0 · готово: /Users/evgenijminko/Work/random/python/cq_v2/ · сводка _summary.json (прицельно, full_at не тронут)
2026-09-01 10:58:01 нет в архиве: 1 (zen)
2026-09-01 10:58:01 добор новичков: zen
2026-09-01 11:03:53 код 0 · готово: /Users/evgenijminko/Work/random/python/cq_v2/ · сводка _summary.json (прицельно, full_at не тронут)
2026-09-01 22:22:48 полный обход старше 20 ч (возраст 20.3 ч)
2026-09-01 22:22:48 дозабор, попытка 1: /Users/evgenijminko/Work/random/python/cryptoquant_fetch.py --update --journal /Users/evgenijminko/Work/random/python/output/leaders.json --out /Users/evgenijminko/Work/random/python/cq_v2
2026-09-01 22:36:15 код 0 · готово: /Users/evgenijminko/Work/random/python/cq_v2/ · сводка _summary.json
2026-09-02 02:26:05 нет в архиве: 1 (not)
2026-09-02 02:26:05 добор новичков: not
2026-09-02 02:26:18 код 0 · готово: /Users/evgenijminko/Work/random/python/cq_v2/ · сводка _summary.json (прицельно, full_at не тронут)
2026-09-02 02:26:18 данные по 2026-08-31, ждём 2026-09-01 (возраст 3.8 ч)
2026-09-02 02:26:18 дозабор, попытка 1: /Users/evgenijminko/Work/random/python/cryptoquant_fetch.py --update --journal /Users/evgenijminko/Work/random/python/output/leaders.json --out /Users/evgenijminko/Work/random/python/cq_v2
2026-09-02 02:39:57 код 0 · готово: /Users/evgenijminko/Work/random/python/cq_v2/ · сводка _summary.json
2026-09-02 20:59:30 нет в архиве: 2 (ake, river)
2026-09-02 20:59:30 добор новичков: ake, river
2026-09-02 20:59:54 код 0 · готово: /Users/evgenijminko/Work/random/python/cq_v2/ · сводка _summary.json (прицельно, full_at не тронут)
2026-09-02 23:10:09 полный обход старше 20 ч (возраст 20.5 ч)
2026-09-02 23:10:09 дозабор, попытка 1: /Users/evgenijminko/Work/random/python/cryptoquant_fetch.py --update --journal /Users/evgenijminko/Work/random/python/output/leaders.json --out /Users/evgenijminko/Work/random/python/cq_v2
2026-09-02 23:24:24 код 0 · готово: /Users/evgenijminko/Work/random/python/cq_v2/ · сводка _summary.json
2026-09-03 01:22:37 нет в архиве: 1 (chip)
2026-09-03 01:22:37 добор новичков: chip
2026-09-03 01:22:45 код 0 · готово: /Users/evgenijminko/Work/random/python/cq_v2/ · сводка _summary.json (прицельно, full_at не тронут)
2026-09-03 02:26:07 данные по 2026-09-01, ждём 2026-09-02 (возраст 3.0 ч)
2026-09-03 02:26:07 дозабор, попытка 1: /Users/evgenijminko/Work/random/python/cryptoquant_fetch.py --update --journal /Users/evgenijminko/Work/random/python/output/leaders.json --out /Users/evgenijminko/Work/random/python/cq_v2
2026-09-03 02:36:38 код 0 · готово: /Users/evgenijminko/Work/random/python/cq_v2/ · сводка _summary.json
2026-09-03 05:47:07 нет в архиве: 1 (hive)
2026-09-03 05:47:07 добор новичков: hive
2026-09-03 05:47:17 код 0 · готово: /Users/evgenijminko/Work/random/python/cq_v2/ · сводка _summary.json (прицельно, full_at не тронут)
2026-09-03 13:50:51 нет в архиве: 1 (uni)
2026-09-03 13:50:51 добор новичков: uni
2026-09-03 13:51:04 код 0 · готово: /Users/evgenijminko/Work/random/python/cq_v2/ · сводка _summary.json (прицельно, full_at не тронут)
2026-09-03 20:38:56 нет в архиве: 1 (tradoor)
2026-09-03 20:38:56 добор новичков: tradoor
2026-09-03 20:39:08 код 0 · готово: /Users/evgenijminko/Work/random/python/cq_v2/ · сводка _summary.json (прицельно, full_at не тронут)
2026-09-03 22:48:24 полный обход старше 20 ч (возраст 20.2 ч)
2026-09-03 22:48:24 дозабор, попытка 1: /Users/evgenijminko/Work/random/python/cryptoquant_fetch.py --update --journal /Users/evgenijminko/Work/random/python/output/leaders.json --out /Users/evgenijminko/Work/random/python/cq_v2
2026-09-03 23:03:03 код 0 · готово: /Users/evgenijminko/Work/random/python/cq_v2/ · сводка _summary.json
2026-09-04 02:38:20 данные по 2026-09-02, ждём 2026-09-03 (возраст 3.6 ч)
2026-09-04 02:38:20 дозабор, попытка 1: /Users/evgenijminko/Work/random/python/cryptoquant_fetch.py --update --journal /Users/evgenijminko/Work/random/python/output/leaders.json --out /Users/evgenijminko/Work/random/python/cq_v2
2026-09-04 02:53:09 код 0 · готово: /Users/evgenijminko/Work/random/python/cq_v2/ · сводка _summary.json
2026-09-04 08:16:51 нет в архиве: 1 (merl)
2026-09-04 08:16:51 добор новичков: merl
2026-09-04 08:16:59 код 0 · готово: /Users/evgenijminko/Work/random/python/cq_v2/ · сводка _summary.json (прицельно, full_at не тронут)
2026-09-04 22:13:14 нет в архиве: 1 (enj)
2026-09-04 22:13:14 добор новичков: enj
2026-09-04 22:13:26 код 0 · готово: /Users/evgenijminko/Work/random/python/cq_v2/ · сводка _summary.json (прицельно, full_at не тронут)
2026-09-04 22:53:42 полный обход старше 20 ч (возраст 20.0 ч)
2026-09-04 22:53:42 дозабор, попытка 1: /Users/evgenijminko/Work/random/python/cryptoquant_fetch.py --update --journal /Users/evgenijminko/Work/random/python/output/leaders.json --out /Users/evgenijminko/Work/random/python/cq_v2
2026-09-04 23:08:37 код 0 · готово: /Users/evgenijminko/Work/random/python/cq_v2/ · сводка _summary.json
2026-09-05 02:41:54 данные по 2026-09-03, ждём 2026-09-04 (возраст 3.6 ч)
2026-09-05 02:41:54 дозабор, попытка 1: /Users/evgenijminko/Work/random/python/cryptoquant_fetch.py --update --journal /Users/evgenijminko/Work/random/python/output/leaders.json --out /Users/evgenijminko/Work/random/python/cq_v2
2026-09-05 02:56:57 код 0 · готово: /Users/evgenijminko/Work/random/python/cq_v2/ · сводка _summary.json
2026-09-05 04:28:18 нет в архиве: 1 (dusk)
2026-09-05 04:28:18 добор новичков: dusk
2026-09-05 04:28:32 код 0 · готово: /Users/evgenijminko/Work/random/python/cq_v2/ · сводка _summary.json (прицельно, full_at не тронут)
2026-09-05 06:00:51 нет в архиве: 1 (nom)
2026-09-05 06:00:51 добор новичков: nom
2026-09-05 06:01:04 код 0 · готово: /Users/evgenijminko/Work/random/python/cq_v2/ · сводка _summary.json (прицельно, full_at не тронут)
2026-09-05 10:35:57 нет в архиве: 1 (zk)
2026-09-05 10:35:57 добор новичков: zk
2026-09-05 10:36:09 код 0 · готово: /Users/evgenijminko/Work/random/python/cq_v2/ · сводка _summary.json (прицельно, full_at не тронут)
2026-09-05 12:30:26 нет в архиве: 1 (form)
2026-09-05 12:30:26 добор новичков: form
2026-09-05 12:30:48 код 0 · готово: /Users/evgenijminko/Work/random/python/cq_v2/ · сводка _summary.json (прицельно, full_at не тронут)
2026-09-05 21:06:48 нет в архиве: 1 (play)
2026-09-05 21:06:48 добор новичков: play
2026-09-05 21:07:00 код 0 · готово: /Users/evgenijminko/Work/random/python/cq_v2/ · сводка _summary.json (прицельно, full_at не тронут)
2026-09-06 01:06:28 данные по 2026-09-04, ждём 2026-09-05 (возраст 22.2 ч)
2026-09-06 01:06:28 дозабор, попытка 1: /Users/evgenijminko/Work/random/python/cryptoquant_fetch.py --update --journal /Users/evgenijminko/Work/random/python/output/leaders.json --out /Users/evgenijminko/Work/random/python/cq_v2
2026-09-06 01:22:04 код 0 · готово: /Users/evgenijminko/Work/random/python/cq_v2/ · сводка _summary.json
2026-09-06 19:43:08 нет в архиве: 1 (jup)
2026-09-06 19:43:08 добор новичков: jup
2026-09-06 19:43:20 код 0 · готово: /Users/evgenijminko/Work/random/python/cq_v2/ · сводка _summary.json (прицельно, full_at не тронут)
2026-09-06 20:08:06 нет в архиве: 1 (metis)
2026-09-06 20:08:06 добор новичков: metis
2026-09-06 20:08:19 код 0 · готово: /Users/evgenijminko/Work/random/python/cq_v2/ · сводка _summary.json (прицельно, full_at не тронут)
2026-09-06 21:06:24 нет в архиве: 1 (dood)
2026-09-06 21:06:24 добор новичков: dood
2026-09-06 21:06:33 код 0 · готово: /Users/evgenijminko/Work/random/python/cq_v2/ · сводка _summary.json (прицельно, full_at не тронут)
2026-09-07 00:36:26 нет в архиве: 1 (pha)
2026-09-07 00:36:26 добор новичков: pha
2026-09-07 00:36:34 код 0 · готово: /Users/evgenijminko/Work/random/python/cq_v2/ · сводка _summary.json (прицельно, full_at не тронут)
2026-09-07 01:06:34 данные по 2026-09-05, ждём 2026-09-06 (возраст 23.7 ч)
2026-09-07 01:06:34 дозабор, попытка 1: /Users/evgenijminko/Work/random/python/cryptoquant_fetch.py --update --journal /Users/evgenijminko/Work/random/python/output/leaders.json --out /Users/evgenijminko/Work/random/python/cq_v2
2026-09-07 01:18:33 код 0 · готово: /Users/evgenijminko/Work/random/python/cq_v2/ · сводка _summary.json
2026-09-07 03:36:55 нет в архиве: 1 (strk)
2026-09-07 03:36:55 добор новичков: strk
2026-09-07 03:37:07 код 0 · готово: /Users/evgenijminko/Work/random/python/cq_v2/ · сводка _summary.json (прицельно, full_at не тронут)
2026-09-07 04:06:51 нет в архиве: 1 (naoris)
2026-09-07 04:06:51 добор новичков: naoris
2026-09-07 04:07:04 код 0 · готово: /Users/evgenijminko/Work/random/python/cq_v2/ · сводка _summary.json (прицельно, full_at не тронут)
2026-09-07 06:06:50 нет в архиве: 1 (soph)
2026-09-07 06:06:50 добор новичков: soph
2026-09-07 06:07:02 код 0 · готово: /Users/evgenijminko/Work/random/python/cq_v2/ · сводка _summary.json (прицельно, full_at не тронут)
2026-09-07 12:47:11 нет в архиве: 1 (luna2)
2026-09-07 12:47:11 добор новичков: luna2
2026-09-07 12:47:18 код 0 · готово: /Users/evgenijminko/Work/random/python/cq_v2/ · сводка _summary.json (прицельно, full_at не тронут)
2026-09-07 13:46:51 нет в архиве: 1 (rez)
2026-09-07 13:46:51 добор новичков: rez
2026-09-07 13:52:38 код 0 · готово: /Users/evgenijminko/Work/random/python/cq_v2/ · сводка _summary.json (прицельно, full_at не тронут)
2026-09-07 15:16:57 нет в архиве: 1 (bigtime)
2026-09-07 15:16:57 добор новичков: bigtime
2026-09-07 15:22:46 код 0 · готово: /Users/evgenijminko/Work/random/python/cq_v2/ · сводка _summary.json (прицельно, full_at не тронут)
2026-09-07 16:17:27 нет в архиве: 1 (cati)
2026-09-07 16:17:27 добор новичков: cati
2026-09-07 16:17:41 код 0 · готово: /Users/evgenijminko/Work/random/python/cq_v2/ · сводка _summary.json (прицельно, full_at не тронут)
2026-09-07 21:12:16 нет в архиве: 1 (inj)
2026-09-07 21:12:16 добор новичков: inj
2026-09-07 21:12:28 код 0 · готово: /Users/evgenijminko/Work/random/python/cq_v2/ · сводка _summary.json (прицельно, full_at не тронут)
2026-09-07 22:42:22 нет в архиве: 1 (solv)
2026-09-07 22:42:22 добор новичков: solv
2026-09-07 22:42:34 код 0 · готово: /Users/evgenijminko/Work/random/python/cq_v2/ · сводка _summary.json (прицельно, full_at не тронут)
2026-09-08 01:13:28 данные по 2026-09-06, ждём 2026-09-07 (возраст 23.9 ч)
2026-09-08 01:13:28 дозабор, попытка 1: /Users/evgenijminko/Work/random/python/cryptoquant_fetch.py --update --journal /Users/evgenijminko/Work/random/python/output/leaders.json --out /Users/evgenijminko/Work/random/python/cq_v2
2026-09-08 01:31:47 код 0 · готово: /Users/evgenijminko/Work/random/python/cq_v2/ · сводка _summary.json
2026-09-08 12:12:23 нет в архиве: 1 (haedal)
2026-09-08 12:12:23 добор новичков: haedal
2026-09-08 12:12:43 код 0 · готово: /Users/evgenijminko/Work/random/python/cq_v2/ · сводка _summary.json (прицельно, full_at не тронут)
2026-09-08 22:12:32 нет в архиве: 1 (ksm)
2026-09-08 22:12:32 добор новичков: ksm
2026-09-08 22:12:44 код 0 · готово: /Users/evgenijminko/Work/random/python/cq_v2/ · сводка _summary.json (прицельно, full_at не тронут)
2026-09-09 01:03:43 нет в архиве: 1 (b)
2026-09-09 01:03:43 добор новичков: b
2026-09-09 01:03:55 код 0 · готово: /Users/evgenijminko/Work/random/python/cq_v2/ · сводка _summary.json (прицельно, full_at не тронут)
2026-09-09 01:03:55 данные по 2026-09-07, ждём 2026-09-08 (возраст 23.5 ч)
2026-09-09 01:03:55 дозабор, попытка 1: /Users/evgenijminko/Work/random/python/cryptoquant_fetch.py --update --journal /Users/evgenijminko/Work/random/python/output/leaders.json --out /Users/evgenijminko/Work/random/python/cq_v2
2026-09-09 01:23:13 код 0 · готово: /Users/evgenijminko/Work/random/python/cq_v2/ · сводка _summary.json
2026-09-09 03:42:39 нет в архиве: 1 (kat)
2026-09-09 03:42:39 добор новичков: kat
2026-09-09 03:42:51 код 0 · готово: /Users/evgenijminko/Work/random/python/cq_v2/ · сводка _summary.json (прицельно, full_at не тронут)
2026-09-09 04:12:48 нет в архиве: 1 (vet)
2026-09-09 04:12:48 добор новичков: vet
2026-09-09 04:13:00 код 0 · готово: /Users/evgenijminko/Work/random/python/cq_v2/ · сводка _summary.json (прицельно, full_at не тронут)
2026-09-09 05:42:54 нет в архиве: 1 (iost)
2026-09-09 05:42:54 добор новичков: iost
2026-09-09 05:43:07 код 0 · готово: /Users/evgenijminko/Work/random/python/cq_v2/ · сводка _summary.json (прицельно, full_at не тронут)
2026-09-09 09:13:02 нет в архиве: 1 (mina)
2026-09-09 09:13:02 добор новичков: mina
2026-09-09 09:13:15 код 0 · готово: /Users/evgenijminko/Work/random/python/cq_v2/ · сводка _summary.json (прицельно, full_at не тронут)
2026-09-10 01:14:39 данные по 2026-09-08, ждём 2026-09-09 (возраст 23.9 ч)
2026-09-10 01:14:39 дозабор, попытка 1: /Users/evgenijminko/Work/random/python/cryptoquant_fetch.py --update --journal /Users/evgenijminko/Work/random/python/output/leaders.json --out /Users/evgenijminko/Work/random/python/cq_v2
2026-09-10 01:30:55 код 0 · готово: /Users/evgenijminko/Work/random/python/cq_v2/ · сводка _summary.json
2026-09-10 02:32:18 нет в архиве: 1 (vtho)
2026-09-10 02:32:18 добор новичков: vtho
2026-09-10 02:32:27 код 0 · готово: /Users/evgenijminko/Work/random/python/cq_v2/ · сводка _summary.json (прицельно, full_at не тронут)
2026-09-10 07:42:42 нет в архиве: 1 (sahara)
2026-09-10 07:42:42 добор новичков: sahara
2026-09-10 07:42:50 код 0 · готово: /Users/evgenijminko/Work/random/python/cq_v2/ · сводка _summary.json (прицельно, full_at не тронут)
2026-09-11 01:12:57 данные по 2026-09-09, ждём 2026-09-10 (возраст 23.7 ч)
2026-09-11 01:12:57 дозабор, попытка 1: /Users/evgenijminko/Work/random/python/cryptoquant_fetch.py --update --journal /Users/evgenijminko/Work/random/python/output/leaders.json --out /Users/evgenijminko/Work/random/python/cq_v2
2026-09-11 01:32:38 код 0 · готово: /Users/evgenijminko/Work/random/python/cq_v2/ · сводка _summary.json
2026-09-11 12:18:14 нет в архиве: 1 (knc)
2026-09-11 12:18:14 добор новичков: knc
2026-09-11 12:18:26 код 0 · готово: /Users/evgenijminko/Work/random/python/cq_v2/ · сводка _summary.json (прицельно, full_at не тронут)
2026-09-11 18:15:49 нет в архиве: 1 (kava)
2026-09-11 18:15:49 добор новичков: kava
2026-09-11 18:16:03 код 0 · готово: /Users/evgenijminko/Work/random/python/cq_v2/ · сводка _summary.json (прицельно, full_at не тронут)
2026-09-11 19:44:46 нет в архиве: 1 (lab)
2026-09-11 19:44:46 добор новичков: lab
2026-09-11 19:44:58 код 0 · готово: /Users/evgenijminko/Work/random/python/cq_v2/ · сводка _summary.json (прицельно, full_at не тронут)
2026-09-11 22:14:02 нет в архиве: 1 (met)
2026-09-11 22:14:02 добор новичков: met
2026-09-11 22:20:23 код 0 · готово: /Users/evgenijminko/Work/random/python/cq_v2/ · сводка _summary.json (прицельно, full_at не тронут)
2026-09-12 01:18:06 данные по 2026-09-10, ждём 2026-09-11 (возраст 23.8 ч)
2026-09-12 01:18:06 дозабор, попытка 1: /Users/evgenijminko/Work/random/python/cryptoquant_fetch.py --update --journal /Users/evgenijminko/Work/random/python/output/leaders.json --out /Users/evgenijminko/Work/random/python/cq_v2
2026-09-12 01:38:36 код 0 · готово: /Users/evgenijminko/Work/random/python/cq_v2/ · сводка _summary.json
2026-09-12 20:59:00 нет в архиве: 1 (griffain)
2026-09-12 20:59:00 добор новичков: griffain
2026-09-12 20:59:13 код 0 · готово: /Users/evgenijminko/Work/random/python/cq_v2/ · сводка _summary.json (прицельно, full_at не тронут)
2026-09-13 01:15:19 данные по 2026-09-11, ждём 2026-09-12 (возраст 23.6 ч)
2026-09-13 01:15:19 дозабор, попытка 1: /Users/evgenijminko/Work/random/python/cryptoquant_fetch.py --update --journal /Users/evgenijminko/Work/random/python/output/leaders.json --out /Users/evgenijminko/Work/random/python/cq_v2
2026-09-13 01:35:16 код 0 · готово: /Users/evgenijminko/Work/random/python/cq_v2/ · сводка _summary.json
2026-09-13 04:14:07 нет в архиве: 1 (powr)
2026-09-13 04:14:07 добор новичков: powr
2026-09-13 04:14:20 код 0 · готово: /Users/evgenijminko/Work/random/python/cq_v2/ · сводка _summary.json (прицельно, full_at не тронут)
2026-09-13 04:58:06 нет в архиве: 1 (ilv)
2026-09-13 04:58:06 добор новичков: ilv
2026-09-13 04:58:19 код 0 · готово: /Users/evgenijminko/Work/random/python/cq_v2/ · сводка _summary.json (прицельно, full_at не тронут)
2026-09-13 05:43:53 нет в архиве: 1 (ava)
2026-09-13 05:43:53 добор новичков: ava
2026-09-13 05:49:43 код 0 · готово: /Users/evgenijminko/Work/random/python/cq_v2/ · сводка _summary.json (прицельно, full_at не тронут)
2026-09-13 13:57:45 нет в архиве: 2 (ark, cvc)
2026-09-13 13:57:45 добор новичков: ark, cvc
2026-09-13 13:59:39 код 0 · готово: /Users/evgenijminko/Work/random/python/cq_v2/ · сводка _summary.json (прицельно, full_at не тронут)
2026-09-13 22:44:21 нет в архиве: 1 (alch)
2026-09-13 22:44:21 добор новичков: alch
2026-09-13 22:44:33 код 0 · готово: /Users/evgenijminko/Work/random/python/cq_v2/ · сводка _summary.json (прицельно, full_at не тронут)
2026-09-14 01:17:12 данные по 2026-09-12, ждём 2026-09-13 (возраст 23.7 ч)
2026-09-14 01:17:12 дозабор, попытка 1: /Users/evgenijminko/Work/random/python/cryptoquant_fetch.py --update --journal /Users/evgenijminko/Work/random/python/output/leaders.json --out /Users/evgenijminko/Work/random/python/cq_v2
2026-09-14 01:40:23 код 0 · готово: /Users/evgenijminko/Work/random/python/cq_v2/ · сводка _summary.json
2026-09-14 02:16:28 нет в архиве: 1 (fil)
2026-09-14 02:16:28 добор новичков: fil
2026-09-14 02:16:41 код 0 · готово: /Users/evgenijminko/Work/random/python/cq_v2/ · сводка _summary.json (прицельно, full_at не тронут)
2026-09-14 03:46:15 нет в архиве: 1 (iotx)
2026-09-14 03:46:15 добор новичков: iotx
2026-09-14 03:46:29 код 0 · готово: /Users/evgenijminko/Work/random/python/cq_v2/ · сводка _summary.json (прицельно, full_at не тронут)
2026-09-14 10:44:34 нет в архиве: 1 (waxp)
2026-09-14 10:44:34 добор новичков: waxp
2026-09-14 10:50:23 код 0 · готово: /Users/evgenijminko/Work/random/python/cq_v2/ · сводка _summary.json (прицельно, full_at не тронут)
2026-09-14 15:20:57 нет в архиве: 1 (crwd)
2026-09-14 15:20:57 добор новичков: crwd
2026-09-14 15:21:12 код 0 · готово: /Users/evgenijminko/Work/random/python/cq_v2/ · сводка _summary.json (прицельно, full_at не тронут)
2026-09-14 20:15:26 нет в архиве: 1 (sent)
2026-09-14 20:15:26 добор новичков: sent
2026-09-14 20:15:38 код 0 · готово: /Users/evgenijminko/Work/random/python/cq_v2/ · сводка _summary.json (прицельно, full_at не тронут)
2026-09-15 01:15:25 данные по 2026-09-13, ждём 2026-09-14 (возраст 23.6 ч)
2026-09-15 01:15:25 дозабор, попытка 1: /Users/evgenijminko/Work/random/python/cryptoquant_fetch.py --update --journal /Users/evgenijminko/Work/random/python/output/leaders.json --out /Users/evgenijminko/Work/random/python/cq_v2
2026-09-15 01:35:43 код 0 · готово: /Users/evgenijminko/Work/random/python/cq_v2/ · сводка _summary.json
2026-09-15 07:47:13 нет в архиве: 1 (zil)
2026-09-15 07:47:13 добор новичков: zil
2026-09-15 07:47:28 код 0 · готово: /Users/evgenijminko/Work/random/python/cq_v2/ · сводка _summary.json (прицельно, full_at не тронут)
2026-09-15 08:30:18 нет в архиве: 1 (wal)
2026-09-15 08:30:18 добор новичков: wal
2026-09-15 08:30:28 код 0 · готово: /Users/evgenijminko/Work/random/python/cq_v2/ · сводка _summary.json (прицельно, full_at не тронут)
2026-09-16 01:26:46 данные по 2026-09-14, ждём 2026-09-15 (возраст 23.9 ч)
2026-09-16 01:26:46 дозабор, попытка 1: /Users/evgenijminko/Work/random/python/cryptoquant_fetch.py --update --journal /Users/evgenijminko/Work/random/python/output/leaders.json --out /Users/evgenijminko/Work/random/python/cq_v2
2026-09-16 01:54:45 код 0 · готово: /Users/evgenijminko/Work/random/python/cq_v2/ · сводка _summary.json
2026-09-16 02:26:48 нет в архиве: 1 (ain)
2026-09-16 02:26:48 добор новичков: ain
2026-09-16 02:27:01 код 0 · готово: /Users/evgenijminko/Work/random/python/cq_v2/ · сводка _summary.json (прицельно, full_at не тронут)
2026-09-16 07:25:04 нет в архиве: 1 (astr)
2026-09-16 07:25:04 добор новичков: astr
2026-09-16 07:25:18 код 0 · готово: /Users/evgenijminko/Work/random/python/cq_v2/ · сводка _summary.json (прицельно, full_at не тронут)
2026-09-16 07:47:04 нет в архиве: 1 (syn)
2026-09-16 07:47:05 добор новичков: syn
2026-09-16 07:47:18 код 0 · готово: /Users/evgenijminko/Work/random/python/cq_v2/ · сводка _summary.json (прицельно, full_at не тронут)
2026-09-16 14:49:16 нет в архиве: 1 (br)
2026-09-16 14:49:16 добор новичков: br
2026-09-16 14:49:32 код 0 · готово: /Users/evgenijminko/Work/random/python/cq_v2/ · сводка _summary.json (прицельно, full_at не тронут)
2026-09-17 01:31:50 данные по 2026-09-15, ждём 2026-09-16 (возраст 23.6 ч)
2026-09-17 01:31:50 дозабор, попытка 1: /Users/evgenijminko/Work/random/python/cryptoquant_fetch.py --update --journal /Users/evgenijminko/Work/random/python/output/leaders.json --out /Users/evgenijminko/Work/random/python/cq_v2
2026-09-17 01:58:36 код 0 · готово: /Users/evgenijminko/Work/random/python/cq_v2/ · сводка _summary.json
2026-09-17 14:54:38 нет в архиве: 1 (one)
2026-09-17 14:54:38 добор новичков: one
2026-09-17 14:54:56 код 0 · готово: /Users/evgenijminko/Work/random/python/cq_v2/ · сводка _summary.json (прицельно, full_at не тронут)
2026-09-17 22:18:52 нет в архиве: 1 (drift)
2026-09-17 22:18:52 добор новичков: drift
2026-09-17 22:19:07 код 0 · готово: /Users/evgenijminko/Work/random/python/cq_v2/ · сводка _summary.json (прицельно, full_at не тронут)
2026-09-18 01:33:56 данные по 2026-09-16, ждём 2026-09-17 (возраст 23.6 ч)
2026-09-18 01:33:56 дозабор, попытка 1: /Users/evgenijminko/Work/random/python/cryptoquant_fetch.py --update --journal /Users/evgenijminko/Work/random/python/output/leaders.json --out /Users/evgenijminko/Work/random/python/cq_v2
2026-09-18 01:59:21 код 0 · готово: /Users/evgenijminko/Work/random/python/cq_v2/ · сводка _summary.json
2026-09-18 16:25:26 нет в архиве: 1 (lpt)
2026-09-18 16:25:26 добор новичков: lpt
2026-09-18 16:25:46 код 0 · готово: /Users/evgenijminko/Work/random/python/cq_v2/ · сводка _summary.json (прицельно, full_at не тронут)
2026-09-18 17:52:26 нет в архиве: 1 (s)
2026-09-18 17:52:26 добор новичков: s
2026-09-18 17:52:44 код 0 · готово: /Users/evgenijminko/Work/random/python/cq_v2/ · сводка _summary.json (прицельно, full_at не тронут)
2026-09-19 01:30:51 данные по 2026-09-17, ждём 2026-09-18 (возраст 23.5 ч)
2026-09-19 01:30:51 дозабор, попытка 1: /Users/evgenijminko/Work/random/python/cryptoquant_fetch.py --update --journal /Users/evgenijminko/Work/random/python/output/leaders.json --out /Users/evgenijminko/Work/random/python/cq_v2
2026-09-19 01:57:03 код 0 · готово: /Users/evgenijminko/Work/random/python/cq_v2/ · сводка _summary.json
2026-09-19 02:28:59 нет в архиве: 1 (0g)
2026-09-19 02:28:59 добор новичков: 0g
2026-09-19 02:29:14 код 0 · готово: /Users/evgenijminko/Work/random/python/cq_v2/ · сводка _summary.json (прицельно, full_at не тронут)
2026-09-19 04:49:53 нет в архиве: 1 (g)
2026-09-19 04:49:53 добор новичков: g
2026-09-19 04:50:08 код 0 · готово: /Users/evgenijminko/Work/random/python/cq_v2/ · сводка _summary.json (прицельно, full_at не тронут)
2026-09-19 19:11:56 нет в архиве: 1 (sei)
2026-09-19 19:11:56 добор новичков: sei
2026-09-19 19:12:12 код 0 · готово: /Users/evgenijminko/Work/random/python/cq_v2/ · сводка _summary.json (прицельно, full_at не тронут)
2026-09-19 20:26:27 нет в архиве: 1 (c)
2026-09-19 20:26:27 добор новичков: c
2026-09-19 20:26:42 код 0 · готово: /Users/evgenijminko/Work/random/python/cq_v2/ · сводка _summary.json (прицельно, full_at не тронут)
2026-09-20 01:01:01 данные по 2026-09-18, ждём 2026-09-19 (возраст 23.1 ч)
2026-09-20 01:01:01 дозабор, попытка 1: /Users/evgenijminko/Work/random/python/cryptoquant_fetch.py --update --journal /Users/evgenijminko/Work/random/python/output/leaders.json --out /Users/evgenijminko/Work/random/python/cq_v2
2026-09-20 01:01:54 данные по 2026-09-18, ждём 2026-09-19 (возраст 23.1 ч)
2026-09-20 01:01:54 дозабор, попытка 1: /Users/evgenijminko/Work/random/python/cryptoquant_fetch.py --update --journal /Users/evgenijminko/Work/random/python/output/leaders.json --out /Users/evgenijminko/Work/random/python/cq_v2
2026-09-20 01:26:07 код 0 · готово: /Users/evgenijminko/Work/random/python/cq_v2/ · сводка _summary.json
2026-09-20 01:26:55 код 0 · готово: /Users/evgenijminko/Work/random/python/cq_v2/ · сводка _summary.json
2026-09-20 03:28:07 нет в архиве: 1 (chz)
2026-09-20 03:28:07 добор новичков: chz
2026-09-20 03:28:15 нет в архиве: 1 (chz)
2026-09-20 03:28:15 добор новичков: chz
2026-09-20 03:28:23 код 0 · готово: /Users/evgenijminko/Work/random/python/cq_v2/ · сводка _summary.json (прицельно, full_at не тронут)
2026-09-20 03:28:31 код 0 · готово: /Users/evgenijminko/Work/random/python/cq_v2/ · сводка _summary.json (прицельно, full_at не тронут)
2026-09-20 16:40:48 нет в архиве: 1 (ptb)
2026-09-20 16:40:48 добор новичков: ptb
2026-09-20 16:41:04 код 0 · готово: /Users/evgenijminko/Work/random/python/cq_v2/ · сводка _summary.json (прицельно, full_at не тронут)
2026-09-21 01:39:56 данные по 2026-09-19, ждём 2026-09-20 (возраст 24.2 ч)
2026-09-21 01:39:56 дозабор, попытка 1: /Users/evgenijminko/Work/random/python/cryptoquant_fetch.py --update --journal /Users/evgenijminko/Work/random/python/output/leaders.json --out /Users/evgenijminko/Work/random/python/cq_v2
2026-09-21 01:41:06 данные по 2026-09-19, ждём 2026-09-20 (возраст 24.2 ч)
2026-09-21 01:41:06 дозабор, попытка 1: /Users/evgenijminko/Work/random/python/cryptoquant_fetch.py --update --journal /Users/evgenijminko/Work/random/python/output/leaders.json --out /Users/evgenijminko/Work/random/python/cq_v2
2026-09-21 02:05:41 код 0 · готово: /Users/evgenijminko/Work/random/python/cq_v2/ · сводка _summary.json
2026-09-21 02:06:40 код 0 · готово: /Users/evgenijminko/Work/random/python/cq_v2/ · сводка _summary.json
2026-09-21 04:30:15 нет в архиве: 1 (joe)
2026-09-21 04:30:15 добор новичков: joe
2026-09-21 04:30:16 нет в архиве: 1 (joe)
2026-09-21 04:30:16 добор новичков: joe
2026-09-21 04:30:31 код 0 · готово: /Users/evgenijminko/Work/random/python/cq_v2/ · сводка _summary.json (прицельно, full_at не тронут)
2026-09-21 04:30:32 код 0 · готово: /Users/evgenijminko/Work/random/python/cq_v2/ · сводка _summary.json (прицельно, full_at не тронут)
2026-09-21 08:00:42 нет в архиве: 1 (zeta)
2026-09-21 08:00:42 добор новичков: zeta
2026-09-21 08:00:57 код 0 · готово: /Users/evgenijminko/Work/random/python/cq_v2/ · сводка _summary.json (прицельно, full_at не тронут)
2026-09-22 01:37:54 данные по 2026-09-20, ждём 2026-09-21 (возраст 23.5 ч)
2026-09-22 01:37:54 дозабор, попытка 1: /Users/evgenijminko/Work/random/python/cryptoquant_fetch.py --update --journal /Users/evgenijminko/Work/random/python/output/leaders.json --out /Users/evgenijminko/Work/random/python/cq_v2
2026-09-22 01:39:53 данные по 2026-09-20, ждём 2026-09-21 (возраст 23.6 ч)
2026-09-22 01:39:53 дозабор, попытка 1: /Users/evgenijminko/Work/random/python/cryptoquant_fetch.py --update --journal /Users/evgenijminko/Work/random/python/output/leaders.json --out /Users/evgenijminko/Work/random/python/cq_v2
2026-09-22 02:03:59 код 0 · готово: /Users/evgenijminko/Work/random/python/cq_v2/ · сводка _summary.json
2026-09-22 02:05:55 код 0 · готово: /Users/evgenijminko/Work/random/python/cq_v2/ · сводка _summary.json
2026-09-22 07:57:08 нет в архиве: 1 (evaa)
2026-09-22 07:57:08 добор новичков: evaa
2026-09-22 07:57:16 код 0 · готово: /Users/evgenijminko/Work/random/python/cq_v2/ · сводка _summary.json (прицельно, full_at не тронут)
2026-09-23 01:01:22 данные по 2026-09-21, ждём 2026-09-22 (возраст 22.9 ч)
2026-09-23 01:01:22 дозабор, попытка 1: /Users/evgenijminko/Work/random/python/cryptoquant_fetch.py --update --journal /Users/evgenijminko/Work/random/python/output/leaders.json --out /Users/evgenijminko/Work/random/python/cq_v2
2026-09-23 01:20:14 код 0 · готово: /Users/evgenijminko/Work/random/python/cq_v2/ · сводка _summary.json
2026-09-23 01:59:40 нет в архиве: 1 (chr)
2026-09-23 01:59:40 добор новичков: chr
2026-09-23 01:59:50 код 0 · готово: /Users/evgenijminko/Work/random/python/cq_v2/ · сводка _summary.json (прицельно, full_at не тронут)
2026-09-23 03:47:38 нет в архиве: 1 (api3)
2026-09-23 03:47:38 добор новичков: api3
2026-09-23 03:54:39 код 0 · готово: /Users/evgenijminko/Work/random/python/cq_v2/ · сводка _summary.json (прицельно, full_at не тронут)
2026-09-24 01:26:30 данные по 2026-09-22, ждём 2026-09-23 (возраст 24.1 ч)
2026-09-24 01:26:30 дозабор, попытка 1: /Users/evgenijminko/Work/random/python/cryptoquant_fetch.py --update --journal /Users/evgenijminko/Work/random/python/output/leaders.json --out /Users/evgenijminko/Work/random/python/cq_v2
2026-09-24 01:26:40 данные по 2026-09-22, ждём 2026-09-23 (возраст 24.1 ч)
2026-09-24 01:26:40 дозабор, попытка 1: /Users/evgenijminko/Work/random/python/cryptoquant_fetch.py --update --journal /Users/evgenijminko/Work/random/python/output/leaders.json --out /Users/evgenijminko/Work/random/python/cq_v2
2026-09-24 12:46:17 нет в архиве: 1 (broccoli714)
2026-09-24 12:46:17 добор новичков: broccoli714
2026-09-24 12:46:32 код 0 · готово: /Users/evgenijminko/Work/random/python/cq_v2/ · сводка _summary.json (прицельно, full_at не тронут)
2026-09-24 17:52:50 нет в архиве: 1 (xai)
2026-09-24 17:52:50 добор новичков: xai
2026-09-24 17:53:06 код 0 · готово: /Users/evgenijminko/Work/random/python/cq_v2/ · сводка _summary.json (прицельно, full_at не тронут)
2026-09-25 00:19:13 нет в архиве: 1 (dym)
2026-09-25 00:19:13 добор новичков: dym
2026-09-25 00:19:29 код 0 · готово: /Users/evgenijminko/Work/random/python/cq_v2/ · сводка _summary.json (прицельно, full_at не тронут)
2026-09-25 01:27:15 данные по 2026-09-23, ждём 2026-09-24 (возраст 23.6 ч)
2026-09-25 01:27:15 дозабор, попытка 1: /Users/evgenijminko/Work/random/python/cryptoquant_fetch.py --update --journal /Users/evgenijminko/Work/random/python/output/leaders.json --out /Users/evgenijminko/Work/random/python/cq_v2
2026-09-25 01:54:39 код 0 · готово: /Users/evgenijminko/Work/random/python/cq_v2/ · сводка _summary.json
2026-09-25 02:47:09 нет в архиве: 1 (stg)
2026-09-25 02:47:09 добор новичков: stg
2026-09-25 02:47:24 код 0 · готово: /Users/evgenijminko/Work/random/python/cq_v2/ · сводка _summary.json (прицельно, full_at не тронут)
2026-09-25 21:47:12 нет в архиве: 1 (lyn)
2026-09-25 21:47:12 добор новичков: lyn
2026-09-25 21:47:24 код 0 · готово: /Users/evgenijminko/Work/random/python/cq_v2/ · сводка _summary.json (прицельно, full_at не тронут)
2026-09-26 01:28:18 данные по 2026-09-24, ждём 2026-09-25 (возраст 23.6 ч)
2026-09-26 01:28:18 дозабор, попытка 1: /Users/evgenijminko/Work/random/python/cryptoquant_fetch.py --update --journal /Users/evgenijminko/Work/random/python/output/leaders.json --out /Users/evgenijminko/Work/random/python/cq_v2
2026-09-26 01:53:15 код 0 · готово: /Users/evgenijminko/Work/random/python/cq_v2/ · сводка _summary.json
2026-09-26 03:46:57 нет в архиве: 1 (axs)
2026-09-26 03:46:57 добор новичков: axs
2026-09-26 03:47:10 код 0 · готово: /Users/evgenijminko/Work/random/python/cq_v2/ · сводка _summary.json (прицельно, full_at не тронут)
2026-09-26 07:17:01 нет в архиве: 1 (rare)
2026-09-26 07:17:01 добор новичков: rare
2026-09-26 07:17:14 код 0 · готово: /Users/evgenijminko/Work/random/python/cq_v2/ · сводка _summary.json (прицельно, full_at не тронут)
2026-09-26 07:46:59 нет в архиве: 1 (spell)
2026-09-26 07:46:59 добор новичков: spell
2026-09-26 07:47:11 код 0 · готово: /Users/evgenijminko/Work/random/python/cq_v2/ · сводка _summary.json (прицельно, full_at не тронут)
2026-09-27 01:01:27 данные по 2026-09-25, ждём 2026-09-26 (возраст 23.1 ч)
2026-09-27 01:01:27 дозабор, попытка 1: /Users/evgenijminko/Work/random/python/cryptoquant_fetch.py --update --journal /Users/evgenijminko/Work/random/python/output/leaders.json --out /Users/evgenijminko/Work/random/python/cq_v2
2026-09-27 01:26:24 код 0 · готово: /Users/evgenijminko/Work/random/python/cq_v2/ · сводка _summary.json
2026-09-27 02:04:46 нет в архиве: 1 (w)
2026-09-27 02:04:46 добор новичков: w
2026-09-27 02:04:58 код 0 · готово: /Users/evgenijminko/Work/random/python/cq_v2/ · сводка _summary.json (прицельно, full_at не тронут)
2026-09-27 08:50:00 нет в архиве: 1 (super)
2026-09-27 08:50:00 добор новичков: super
2026-09-27 08:50:14 код 0 · готово: /Users/evgenijminko/Work/random/python/cq_v2/ · сводка _summary.json (прицельно, full_at не тронут)
2026-09-28 00:29:36 нет в архиве: 1 (imx)
2026-09-28 00:29:36 добор новичков: imx
2026-09-28 00:29:48 код 0 · готово: /Users/evgenijminko/Work/random/python/cq_v2/ · сводка _summary.json (прицельно, full_at не тронут)
2026-09-28 01:01:32 данные по 2026-09-26, ждём 2026-09-27 (возраст 23.6 ч)
2026-09-28 01:01:32 дозабор, попытка 1: /Users/evgenijminko/Work/random/python/cryptoquant_fetch.py --update --journal /Users/evgenijminko/Work/random/python/output/leaders.json --out /Users/evgenijminko/Work/random/python/cq_v2
2026-09-28 01:28:17 код 0 · готово: /Users/evgenijminko/Work/random/python/cq_v2/ · сводка _summary.json
2026-09-28 03:01:51 нет в архиве: 1 (baby)
2026-09-28 03:01:51 добор новичков: baby
2026-09-28 03:02:09 код 0 · готово: /Users/evgenijminko/Work/random/python/cq_v2/ · сводка _summary.json (прицельно, full_at не тронут)
2026-09-28 03:55:43 нет в архиве: 1 (jasmy)
2026-09-28 03:55:43 добор новичков: jasmy
2026-09-28 03:55:55 код 0 · готово: /Users/evgenijminko/Work/random/python/cq_v2/ · сводка _summary.json (прицельно, full_at не тронут)
2026-09-28 07:55:27 нет в архиве: 1 (irys)
2026-09-28 07:55:27 добор новичков: irys
2026-09-28 07:55:40 код 0 · готово: /Users/evgenijminko/Work/random/python/cq_v2/ · сводка _summary.json (прицельно, full_at не тронут)
2026-09-28 12:28:59 нет в архиве: 1 (algo)
2026-09-28 12:28:59 добор новичков: algo
2026-09-28 12:35:59 код 0 · готово: /Users/evgenijminko/Work/random/python/cq_v2/ · сводка _summary.json (прицельно, full_at не тронут)
2026-09-28 19:22:14 нет в архиве: 1 (xlm)
2026-09-28 19:22:14 добор новичков: xlm
2026-09-28 19:22:27 код 0 · готово: /Users/evgenijminko/Work/random/python/cq_v2/ · сводка _summary.json (прицельно, full_at не тронут)
2026-09-29 01:29:17 данные по 2026-09-27, ждём 2026-09-28 (возраст 24.0 ч)
2026-09-29 01:29:17 дозабор, попытка 1: /Users/evgenijminko/Work/random/python/cryptoquant_fetch.py --update --journal /Users/evgenijminko/Work/random/python/output/leaders.json --out /Users/evgenijminko/Work/random/python/cq_v2
2026-09-29 01:57:28 код 0 · готово: /Users/evgenijminko/Work/random/python/cq_v2/ · сводка _summary.json
2026-09-29 05:22:11 нет в архиве: 1 (nmr)
2026-09-29 05:22:11 добор новичков: nmr
2026-09-29 05:22:28 код 0 · готово: /Users/evgenijminko/Work/random/python/cq_v2/ · сводка _summary.json (прицельно, full_at не тронут)
2026-09-29 05:52:28 нет в архиве: 1 (celo)
2026-09-29 05:52:28 добор новичков: celo
2026-09-29 05:52:56 код 0 · готово: /Users/evgenijminko/Work/random/python/cq_v2/ · сводка _summary.json (прицельно, full_at не тронут)
2026-09-29 15:22:29 нет в архиве: 1 (init)
2026-09-29 15:22:29 добор новичков: init
2026-09-29 15:22:46 код 0 · готово: /Users/evgenijminko/Work/random/python/cq_v2/ · сводка _summary.json (прицельно, full_at не тронут)
2026-09-29 15:55:07 нет в архиве: 1 (avax)
2026-09-29 15:55:07 добор новичков: avax
2026-09-29 15:55:29 код 0 · готово: /Users/evgenijminko/Work/random/python/cq_v2/ · сводка _summary.json (прицельно, full_at не тронут)
2026-09-29 19:18:40 нет в архиве: 1 (grass)
2026-09-29 19:18:40 добор новичков: grass
2026-09-29 19:18:54 код 0 · готово: /Users/evgenijminko/Work/random/python/cq_v2/ · сводка _summary.json (прицельно, full_at не тронут)
2026-09-29 21:21:27 нет в архиве: 1 (soon)
2026-09-29 21:21:27 добор новичков: soon
2026-09-29 21:21:42 код 0 · готово: /Users/evgenijminko/Work/random/python/cq_v2/ · сводка _summary.json (прицельно, full_at не тронут)
2026-09-30 01:44:47 данные по 2026-09-28, ждём 2026-09-29 (возраст 23.8 ч)
2026-09-30 01:44:47 дозабор, попытка 1: /Users/evgenijminko/Work/random/python/cryptoquant_fetch.py --update --journal /Users/evgenijminko/Work/random/python/output/leaders.json --out /Users/evgenijminko/Work/random/python/cq_v2
2026-09-30 02:14:20 код 0 · готово: /Users/evgenijminko/Work/random/python/cq_v2/ · сводка _summary.json
2026-09-30 02:53:46 нет в архиве: 1 (trb)
2026-09-30 02:53:46 добор новичков: trb
2026-09-30 02:54:01 код 0 · готово: /Users/evgenijminko/Work/random/python/cq_v2/ · сводка _summary.json (прицельно, full_at не тронут)
2026-09-30 03:20:36 нет в архиве: 1 (hbar)
2026-09-30 03:20:36 добор новичков: hbar
2026-09-30 03:20:52 код 0 · готово: /Users/evgenijminko/Work/random/python/cq_v2/ · сводка _summary.json (прицельно, full_at не тронут)
2026-09-30 07:05:05 нет в архиве: 1 (mew)
2026-09-30 07:05:05 добор новичков: mew
2026-09-30 07:05:21 код 0 · готово: /Users/evgenijminko/Work/random/python/cq_v2/ · сводка _summary.json (прицельно, full_at не тронут)
2026-09-30 15:10:00 нет в архиве: 1 (flow)
2026-09-30 15:10:00 добор новичков: flow
2026-09-30 15:10:19 код 0 · готово: /Users/evgenijminko/Work/random/python/cq_v2/ · сводка _summary.json (прицельно, full_at не тронут)
2026-10-01 01:47:45 данные по 2026-09-29, ждём 2026-09-30 (возраст 23.6 ч)
2026-10-01 01:47:45 дозабор, попытка 1: /Users/evgenijminko/Work/random/python/cryptoquant_fetch.py --update --journal /Users/evgenijminko/Work/random/python/output/leaders.json --out /Users/evgenijminko/Work/random/python/cq_v2
2026-10-01 02:17:34 код 0 · готово: /Users/evgenijminko/Work/random/python/cq_v2/ · сводка _summary.json
2026-10-01 07:59:07 нет в архиве: 1 (plume)
2026-10-01 07:59:07 добор новичков: plume
2026-10-01 07:59:17 код 0 · готово: /Users/evgenijminko/Work/random/python/cq_v2/ · сводка _summary.json (прицельно, full_at не тронут)
2026-10-01 12:53:51 нет в архиве: 1 (mega)
2026-10-01 12:53:51 добор новичков: mega
2026-10-01 12:54:01 код 0 · готово: /Users/evgenijminko/Work/random/python/cq_v2/ · сводка _summary.json (прицельно, full_at не тронут)
2026-10-01 16:26:59 нет в архиве: 1 (gtc)
2026-10-01 16:26:59 добор новичков: gtc
2026-10-01 16:27:21 код 0 · готово: /Users/evgenijminko/Work/random/python/cq_v2/ · сводка _summary.json (прицельно, full_at не тронут)
2026-10-01 18:42:06 нет в архиве: 1 (night)
2026-10-01 18:42:06 добор новичков: night
2026-10-01 18:42:22 код 0 · готово: /Users/evgenijminko/Work/random/python/cq_v2/ · сводка _summary.json (прицельно, full_at не тронут)
2026-10-01 19:16:09 нет в архиве: 1 (alice)
2026-10-01 19:16:09 добор новичков: alice
2026-10-01 19:16:24 код 0 · готово: /Users/evgenijminko/Work/random/python/cq_v2/ · сводка _summary.json (прицельно, full_at не тронут)
2026-10-01 20:25:12 нет в архиве: 1 (magic)
2026-10-01 20:25:12 добор новичков: magic
2026-10-01 20:25:27 код 0 · готово: /Users/evgenijminko/Work/random/python/cq_v2/ · сводка _summary.json (прицельно, full_at не тронут)
2026-10-02 01:45:56 данные по 2026-09-30, ждём 2026-10-01 (возраст 23.5 ч)
2026-10-02 01:45:56 дозабор, попытка 1: /Users/evgenijminko/Work/random/python/cryptoquant_fetch.py --update --journal /Users/evgenijminko/Work/random/python/output/leaders.json --out /Users/evgenijminko/Work/random/python/cq_v2
2026-10-02 02:19:09 код 0 · готово: /Users/evgenijminko/Work/random/python/cq_v2/ · сводка _summary.json
2026-10-02 06:23:35 нет в архиве: 1 (scr)
2026-10-02 06:23:35 добор новичков: scr
2026-10-02 06:23:50 код 0 · готово: /Users/evgenijminko/Work/random/python/cq_v2/ · сводка _summary.json (прицельно, full_at не тронут)
2026-10-02 08:51:10 нет в архиве: 1 (sand)
2026-10-02 08:51:10 добор новичков: sand
2026-10-02 08:51:19 код 0 · готово: /Users/evgenijminko/Work/random/python/cq_v2/ · сводка _summary.json (прицельно, full_at не тронут)
2026-10-02 14:47:59 нет в архиве: 1 (ape)
2026-10-02 14:47:59 добор новичков: ape
2026-10-02 14:55:01 код 0 · готово: /Users/evgenijminko/Work/random/python/cq_v2/ · сводка _summary.json (прицельно, full_at не тронут)
2026-10-03 01:35:35 данные по 2026-10-01, ждём 2026-10-02 (возраст 23.3 ч)
2026-10-03 01:35:35 дозабор, попытка 1: /Users/evgenijminko/Work/random/python/cryptoquant_fetch.py --update --journal /Users/evgenijminko/Work/random/python/output/leaders.json --out /Users/evgenijminko/Work/random/python/cq_v2
2026-10-03 02:15:40 данные по 2026-10-01, ждём 2026-10-02 (возраст 23.9 ч)
2026-10-03 02:15:40 дозабор, попытка 1: /Users/evgenijminko/Work/random/python/cryptoquant_fetch.py --update --journal /Users/evgenijminko/Work/random/python/output/leaders.json --out /Users/evgenijminko/Work/random/python/cq_v2
2026-10-03 02:37:23 данные по 2026-10-01, ждём 2026-10-02 (возраст 24.3 ч)
2026-10-03 02:37:23 дозабор, попытка 1: /Users/evgenijminko/Work/random/python/cryptoquant_fetch.py --update --journal /Users/evgenijminko/Work/random/python/output/leaders.json --out /Users/evgenijminko/Work/random/python/cq_v2
2026-10-03 02:53:28 нет в архиве: 1 (mana)
2026-10-03 02:53:28 добор новичков: mana
2026-10-03 02:56:37 код 0 · готово: /Users/evgenijminko/Work/random/python/cq_v2/ · сводка _summary.json (прицельно, full_at не тронут)
2026-10-03 02:56:37 данные по 2026-10-01, ждём 2026-10-02 (возраст 24.6 ч)
2026-10-03 02:56:37 дозабор, попытка 1: /Users/evgenijminko/Work/random/python/cryptoquant_fetch.py --update --journal /Users/evgenijminko/Work/random/python/output/leaders.json --out /Users/evgenijminko/Work/random/python/cq_v2
2026-10-03 03:11:43 код 0 · готово: /Users/evgenijminko/Work/random/python/cq_v2/ · сводка _summary.json
2026-10-03 03:33:04 код 0 · готово: /Users/evgenijminko/Work/random/python/cq_v2/ · сводка _summary.json
2026-10-03 03:43:16 код 0 · готово: /Users/evgenijminko/Work/random/python/cq_v2/ · сводка _summary.json
2026-10-03 07:53:53 нет в архиве: 1 (resolv)
2026-10-03 07:53:54 добор новичков: resolv
2026-10-03 07:53:56 код 1 · токен/тариф не отвечает даже на минимальный запрос — стоп
2026-10-03 08:18:06 нет в архиве: 1 (resolv)
2026-10-03 08:18:06 добор новичков: resolv
2026-10-03 08:18:08 код 1 · токен/тариф не отвечает даже на минимальный запрос — стоп
2026-10-03 08:47:21 нет в архиве: 1 (resolv)
2026-10-03 08:47:21 добор новичков: resolv
2026-10-03 08:47:23 код 1 · токен/тариф не отвечает даже на минимальный запрос — стоп
2026-10-03 09:22:49 нет в архиве: 1 (resolv)
2026-10-03 09:22:49 добор новичков: resolv
2026-10-03 09:22:51 код 1 · токен/тариф не отвечает даже на минимальный запрос — стоп
2026-10-03 09:47:21 нет в архиве: 1 (resolv)
2026-10-03 09:47:21 добор новичков: resolv
2026-10-03 09:47:23 код 1 · токен/тариф не отвечает даже на минимальный запрос — стоп
2026-10-03 10:19:53 нет в архиве: 1 (resolv)
2026-10-03 10:19:53 добор новичков: resolv
2026-10-03 10:19:55 код 1 · токен/тариф не отвечает даже на минимальный запрос — стоп
2026-10-03 10:47:01 нет в архиве: 1 (resolv)
2026-10-03 10:47:01 добор новичков: resolv
2026-10-03 10:47:03 код 1 · токен/тариф не отвечает даже на минимальный запрос — стоп
2026-10-03 11:17:12 нет в архиве: 1 (resolv)
2026-10-03 11:17:12 добор новичков: resolv
2026-10-03 11:17:14 код 1 · токен/тариф не отвечает даже на минимальный запрос — стоп
2026-10-03 11:47:30 нет в архиве: 1 (resolv)
2026-10-03 11:47:31 добор новичков: resolv
2026-10-03 11:47:33 код 1 · токен/тариф не отвечает даже на минимальный запрос — стоп
2026-10-03 12:17:26 нет в архиве: 2 (pumpbtc, resolv)
2026-10-03 12:17:26 добор новичков: pumpbtc, resolv
2026-10-03 12:17:28 код 1 · токен/тариф не отвечает даже на минимальный запрос — стоп
2026-10-03 12:50:07 нет в архиве: 2 (pumpbtc, resolv)
2026-10-03 12:50:07 добор новичков: pumpbtc, resolv
2026-10-03 12:50:10 код 1 · токен/тариф не отвечает даже на минимальный запрос — стоп
2026-10-03 13:19:37 нет в архиве: 2 (pumpbtc, resolv)
2026-10-03 13:19:37 добор новичков: pumpbtc, resolv
2026-10-03 13:19:40 код 1 · токен/тариф не отвечает даже на минимальный запрос — стоп
2026-10-03 13:50:19 нет в архиве: 2 (pumpbtc, resolv)
2026-10-03 13:50:19 добор новичков: pumpbtc, resolv
2026-10-03 13:50:22 код 1 · токен/тариф не отвечает даже на минимальный запрос — стоп
2026-10-03 14:22:01 нет в архиве: 2 (pumpbtc, resolv)
2026-10-03 14:22:01 добор новичков: pumpbtc, resolv
2026-10-03 14:22:03 код 1 · токен/тариф не отвечает даже на минимальный запрос — стоп
2026-10-03 14:50:51 нет в архиве: 2 (pumpbtc, resolv)
2026-10-03 14:50:51 добор новичков: pumpbtc, resolv
2026-10-03 14:50:59 код 1 · токен/тариф не отвечает даже на минимальный запрос — стоп
2026-10-03 15:28:35 нет в архиве: 2 (pumpbtc, resolv)
2026-10-03 15:28:35 добор новичков: pumpbtc, resolv
2026-10-03 15:28:46 код 1 · токен/тариф не отвечает даже на минимальный запрос — стоп
2026-10-03 15:58:24 нет в архиве: 2 (pumpbtc, resolv)
2026-10-03 15:58:24 добор новичков: pumpbtc, resolv
2026-10-03 15:58:33 код 1 · токен/тариф не отвечает даже на минимальный запрос — стоп
2026-10-03 16:35:12 нет в архиве: 2 (pumpbtc, resolv)
2026-10-03 16:35:12 добор новичков: pumpbtc, resolv
2026-10-03 16:35:16 код 1 · токен/тариф не отвечает даже на минимальный запрос — стоп
2026-10-03 17:05:17 нет в архиве: 2 (pumpbtc, resolv)
2026-10-03 17:05:17 добор новичков: pumpbtc, resolv
2026-10-03 17:05:33 код 1 · токен/тариф не отвечает даже на минимальный запрос — стоп
2026-10-03 17:43:40 нет в архиве: 2 (pumpbtc, resolv)
2026-10-03 17:43:40 добор новичков: pumpbtc, resolv
2026-10-03 17:43:42 код 1 · токен/тариф не отвечает даже на минимальный запрос — стоп
2026-10-03 18:12:23 нет в архиве: 2 (pumpbtc, resolv)
2026-10-03 18:12:23 добор новичков: pumpbtc, resolv
2026-10-03 18:12:25 код 1 · токен/тариф не отвечает даже на минимальный запрос — стоп
2026-10-03 18:35:10 нет в архиве: 3 (pumpbtc, resolv, velvet)
2026-10-03 18:35:10 добор новичков: pumpbtc, resolv, velvet
2026-10-03 18:35:14 код 1 · токен/тариф не отвечает даже на минимальный запрос — стоп
2026-10-03 18:59:24 нет в архиве: 3 (pumpbtc, resolv, velvet)
2026-10-03 18:59:24 добор новичков: pumpbtc, resolv, velvet
2026-10-03 18:59:26 код 1 · токен/тариф не отвечает даже на минимальный запрос — стоп
2026-10-03 19:20:32 нет в архиве: 3 (pumpbtc, resolv, velvet)
2026-10-03 19:20:32 добор новичков: pumpbtc, resolv, velvet
2026-10-03 19:20:34 код 1 · токен/тариф не отвечает даже на минимальный запрос — стоп
2026-10-03 19:54:23 нет в архиве: 3 (pumpbtc, resolv, velvet)
2026-10-03 19:54:23 добор новичков: pumpbtc, resolv, velvet
2026-10-03 19:54:25 код 1 · токен/тариф не отвечает даже на минимальный запрос — стоп
2026-10-03 20:17:27 нет в архиве: 3 (pumpbtc, resolv, velvet)
2026-10-03 20:17:27 добор новичков: pumpbtc, resolv, velvet
2026-10-03 20:17:30 код 1 · токен/тариф не отвечает даже на минимальный запрос — стоп
2026-10-03 20:46:33 нет в архиве: 3 (pumpbtc, resolv, velvet)
2026-10-03 20:46:33 добор новичков: pumpbtc, resolv, velvet
2026-10-03 20:46:35 код 1 · токен/тариф не отвечает даже на минимальный запрос — стоп
2026-10-03 21:16:42 нет в архиве: 3 (pumpbtc, resolv, velvet)
2026-10-03 21:16:42 добор новичков: pumpbtc, resolv, velvet
2026-10-03 21:16:44 код 1 · токен/тариф не отвечает даже на минимальный запрос — стоп
2026-10-03 21:51:30 нет в архиве: 3 (pumpbtc, resolv, velvet)
2026-10-03 21:51:30 добор новичков: pumpbtc, resolv, velvet
2026-10-03 21:51:31 код 1 · токен/тариф не отвечает даже на минимальный запрос — стоп
2026-10-03 22:16:46 нет в архиве: 3 (pumpbtc, resolv, velvet)
2026-10-03 22:16:46 добор новичков: pumpbtc, resolv, velvet
2026-10-03 22:16:48 код 1 · токен/тариф не отвечает даже на минимальный запрос — стоп
2026-10-03 22:48:41 нет в архиве: 3 (pumpbtc, resolv, velvet)
2026-10-03 22:48:41 добор новичков: pumpbtc, resolv, velvet
2026-10-03 22:48:42 код 1 · токен/тариф не отвечает даже на минимальный запрос — стоп
2026-10-03 23:16:28 нет в архиве: 3 (pumpbtc, resolv, velvet)
2026-10-03 23:16:28 добор новичков: pumpbtc, resolv, velvet
2026-10-03 23:16:31 код 1 · токен/тариф не отвечает даже на минимальный запрос — стоп
2026-10-03 23:47:38 нет в архиве: 3 (pumpbtc, resolv, velvet)
2026-10-03 23:47:38 добор новичков: pumpbtc, resolv, velvet
2026-10-03 23:47:40 код 1 · токен/тариф не отвечает даже на минимальный запрос — стоп
2026-10-04 00:17:02 нет в архиве: 3 (pumpbtc, resolv, velvet)
2026-10-04 00:17:02 добор новичков: pumpbtc, resolv, velvet
2026-10-04 00:17:04 код 1 · токен/тариф не отвечает даже на минимальный запрос — стоп
2026-10-04 00:49:08 нет в архиве: 3 (pumpbtc, resolv, velvet)
2026-10-04 00:49:08 добор новичков: pumpbtc, resolv, velvet
2026-10-04 00:49:09 код 1 · токен/тариф не отвечает даже на минимальный запрос — стоп
2026-10-04 01:33:54 нет в архиве: 3 (pumpbtc, resolv, velvet)
2026-10-04 01:33:55 добор новичков: pumpbtc, resolv, velvet
2026-10-04 01:33:56 код 1 · токен/тариф не отвечает даже на минимальный запрос — стоп
2026-10-04 01:33:56 данные по 2026-10-02, ждём 2026-10-03 (возраст 21.8 ч)
2026-10-04 01:33:56 дозабор, попытка 1: /Users/evgenijminko/Work/random/python/cryptoquant_fetch.py --update --journal /Users/evgenijminko/Work/random/python/output/leaders.json --out /Users/evgenijminko/Work/random/python/cq_v2
2026-10-04 01:33:58 код 1 · токен/тариф не отвечает даже на минимальный запрос — стоп
2026-10-04 02:03:58 дозабор, попытка 2: /Users/evgenijminko/Work/random/python/cryptoquant_fetch.py --update --journal /Users/evgenijminko/Work/random/python/output/leaders.json --out /Users/evgenijminko/Work/random/python/cq_v2
2026-10-04 02:04:00 код 1 · токен/тариф не отвечает даже на минимальный запрос — стоп
2026-10-04 02:12:09 нет в архиве: 3 (pumpbtc, resolv, velvet)
2026-10-04 02:12:09 добор новичков: pumpbtc, resolv, velvet
2026-10-04 02:12:11 код 1 · токен/тариф не отвечает даже на минимальный запрос — стоп
2026-10-04 02:12:11 данные по 2026-10-02, ждём 2026-10-03 (возраст 22.5 ч)
2026-10-04 02:12:11 дозабор, попытка 1: /Users/evgenijminko/Work/random/python/cryptoquant_fetch.py --update --journal /Users/evgenijminko/Work/random/python/output/leaders.json --out /Users/evgenijminko/Work/random/python/cq_v2
2026-10-04 02:12:13 код 1 · токен/тариф не отвечает даже на минимальный запрос — стоп
2026-10-04 02:34:00 дозабор, попытка 3: /Users/evgenijminko/Work/random/python/cryptoquant_fetch.py --update --journal /Users/evgenijminko/Work/random/python/output/leaders.json --out /Users/evgenijminko/Work/random/python/cq_v2
2026-10-04 02:34:01 код 1 · токен/тариф не отвечает даже на минимальный запрос — стоп
2026-10-04 02:42:13 дозабор, попытка 2: /Users/evgenijminko/Work/random/python/cryptoquant_fetch.py --update --journal /Users/evgenijminko/Work/random/python/output/leaders.json --out /Users/evgenijminko/Work/random/python/cq_v2
2026-10-04 02:42:14 код 1 · токен/тариф не отвечает даже на минимальный запрос — стоп
2026-10-04 02:51:20 нет в архиве: 3 (pumpbtc, resolv, velvet)
2026-10-04 02:51:20 добор новичков: pumpbtc, resolv, velvet
2026-10-04 02:51:21 код 1 · токен/тариф не отвечает даже на минимальный запрос — стоп
2026-10-04 02:51:21 данные по 2026-10-02, ждём 2026-10-03 (возраст 23.1 ч)
2026-10-04 02:51:21 дозабор, попытка 1: /Users/evgenijminko/Work/random/python/cryptoquant_fetch.py --update --journal /Users/evgenijminko/Work/random/python/output/leaders.json --out /Users/evgenijminko/Work/random/python/cq_v2
2026-10-04 02:51:22 код 1 · токен/тариф не отвечает даже на минимальный запрос — стоп
2026-10-04 03:12:14 дозабор, попытка 3: /Users/evgenijminko/Work/random/python/cryptoquant_fetch.py --update --journal /Users/evgenijminko/Work/random/python/output/leaders.json --out /Users/evgenijminko/Work/random/python/cq_v2
2026-10-04 03:12:15 код 1 · токен/тариф не отвечает даже на минимальный запрос — стоп
2026-10-04 03:21:23 дозабор, попытка 2: /Users/evgenijminko/Work/random/python/cryptoquant_fetch.py --update --journal /Users/evgenijminko/Work/random/python/output/leaders.json --out /Users/evgenijminko/Work/random/python/cq_v2
2026-10-04 03:21:24 код 1 · токен/тариф не отвечает даже на минимальный запрос — стоп
2026-10-04 03:29:08 нет в архиве: 3 (pumpbtc, resolv, velvet)
2026-10-04 03:29:08 добор новичков: pumpbtc, resolv, velvet
2026-10-04 03:29:09 код 1 · токен/тариф не отвечает даже на минимальный запрос — стоп
2026-10-04 03:29:09 данные по 2026-10-02, ждём 2026-10-03 (возраст 23.8 ч)
2026-10-04 03:29:09 дозабор, попытка 1: /Users/evgenijminko/Work/random/python/cryptoquant_fetch.py --update --journal /Users/evgenijminko/Work/random/python/output/leaders.json --out /Users/evgenijminko/Work/random/python/cq_v2
2026-10-04 03:29:10 код 1 · токен/тариф не отвечает даже на минимальный запрос — стоп
2026-10-04 03:51:24 дозабор, попытка 3: /Users/evgenijminko/Work/random/python/cryptoquant_fetch.py --update --journal /Users/evgenijminko/Work/random/python/output/leaders.json --out /Users/evgenijminko/Work/random/python/cq_v2
2026-10-04 03:51:26 код 1 · токен/тариф не отвечает даже на минимальный запрос — стоп
2026-10-04 03:59:10 дозабор, попытка 2: /Users/evgenijminko/Work/random/python/cryptoquant_fetch.py --update --journal /Users/evgenijminko/Work/random/python/output/leaders.json --out /Users/evgenijminko/Work/random/python/cq_v2
2026-10-04 03:59:12 код 1 · токен/тариф не отвечает даже на минимальный запрос — стоп
2026-10-04 04:07:17 нет в архиве: 3 (pumpbtc, resolv, velvet)
2026-10-04 04:07:17 добор новичков: pumpbtc, resolv, velvet
2026-10-04 04:07:19 код 1 · токен/тариф не отвечает даже на минимальный запрос — стоп
2026-10-04 04:07:19 данные по 2026-10-02, ждём 2026-10-03 (возраст 24.4 ч)
2026-10-04 04:07:19 дозабор, попытка 1: /Users/evgenijminko/Work/random/python/cryptoquant_fetch.py --update --journal /Users/evgenijminko/Work/random/python/output/leaders.json --out /Users/evgenijminko/Work/random/python/cq_v2
2026-10-04 04:07:20 код 1 · токен/тариф не отвечает даже на минимальный запрос — стоп
2026-10-04 04:29:12 дозабор, попытка 3: /Users/evgenijminko/Work/random/python/cryptoquant_fetch.py --update --journal /Users/evgenijminko/Work/random/python/output/leaders.json --out /Users/evgenijminko/Work/random/python/cq_v2
2026-10-04 04:29:17 код 1 · токен/тариф не отвечает даже на минимальный запрос — стоп
2026-10-04 04:37:20 дозабор, попытка 2: /Users/evgenijminko/Work/random/python/cryptoquant_fetch.py --update --journal /Users/evgenijminko/Work/random/python/output/leaders.json --out /Users/evgenijminko/Work/random/python/cq_v2
2026-10-04 04:37:21 код 1 · токен/тариф не отвечает даже на минимальный запрос — стоп
2026-10-04 04:46:38 нет в архиве: 3 (pumpbtc, resolv, velvet)
2026-10-04 04:46:38 добор новичков: pumpbtc, resolv, velvet
2026-10-04 04:46:40 код 1 · токен/тариф не отвечает даже на минимальный запрос — стоп
2026-10-04 04:46:40 данные по 2026-10-02, ждём 2026-10-03 (возраст 25.1 ч)
2026-10-04 04:46:40 дозабор, попытка 1: /Users/evgenijminko/Work/random/python/cryptoquant_fetch.py --update --journal /Users/evgenijminko/Work/random/python/output/leaders.json --out /Users/evgenijminko/Work/random/python/cq_v2
2026-10-04 04:46:41 код 1 · токен/тариф не отвечает даже на минимальный запрос — стоп
2026-10-04 05:07:21 дозабор, попытка 3: /Users/evgenijminko/Work/random/python/cryptoquant_fetch.py --update --journal /Users/evgenijminko/Work/random/python/output/leaders.json --out /Users/evgenijminko/Work/random/python/cq_v2
2026-10-04 05:07:23 код 1 · токен/тариф не отвечает даже на минимальный запрос — стоп
2026-10-04 05:16:41 дозабор, попытка 2: /Users/evgenijminko/Work/random/python/cryptoquant_fetch.py --update --journal /Users/evgenijminko/Work/random/python/output/leaders.json --out /Users/evgenijminko/Work/random/python/cq_v2
2026-10-04 05:16:42 код 1 · токен/тариф не отвечает даже на минимальный запрос — стоп
2026-10-04 05:29:36 нет в архиве: 3 (pumpbtc, resolv, velvet)
2026-10-04 05:29:36 добор новичков: pumpbtc, resolv, velvet
2026-10-04 05:29:37 код 1 · токен/тариф не отвечает даже на минимальный запрос — стоп
2026-10-04 05:29:37 данные по 2026-10-02, ждём 2026-10-03 (возраст 25.8 ч)
2026-10-04 05:29:37 дозабор, попытка 1: /Users/evgenijminko/Work/random/python/cryptoquant_fetch.py --update --journal /Users/evgenijminko/Work/random/python/output/leaders.json --out /Users/evgenijminko/Work/random/python/cq_v2
2026-10-04 05:29:39 код 1 · токен/тариф не отвечает даже на минимальный запрос — стоп
2026-10-04 05:46:42 дозабор, попытка 3: /Users/evgenijminko/Work/random/python/cryptoquant_fetch.py --update --journal /Users/evgenijminko/Work/random/python/output/leaders.json --out /Users/evgenijminko/Work/random/python/cq_v2
2026-10-04 05:46:44 код 1 · токен/тариф не отвечает даже на минимальный запрос — стоп
2026-10-04 05:59:39 дозабор, попытка 2: /Users/evgenijminko/Work/random/python/cryptoquant_fetch.py --update --journal /Users/evgenijminko/Work/random/python/output/leaders.json --out /Users/evgenijminko/Work/random/python/cq_v2
2026-10-04 05:59:40 код 1 · токен/тариф не отвечает даже на минимальный запрос — стоп
2026-10-04 06:12:04 нет в архиве: 3 (pumpbtc, resolv, velvet)
2026-10-04 06:12:04 добор новичков: pumpbtc, resolv, velvet
2026-10-04 06:12:06 код 1 · токен/тариф не отвечает даже на минимальный запрос — стоп
2026-10-04 06:12:06 данные по 2026-10-02, ждём 2026-10-03 (возраст 26.5 ч)
2026-10-04 06:12:06 дозабор, попытка 1: /Users/evgenijminko/Work/random/python/cryptoquant_fetch.py --update --journal /Users/evgenijminko/Work/random/python/output/leaders.json --out /Users/evgenijminko/Work/random/python/cq_v2
2026-10-04 06:12:07 код 1 · токен/тариф не отвечает даже на минимальный запрос — стоп
2026-10-04 06:29:40 дозабор, попытка 3: /Users/evgenijminko/Work/random/python/cryptoquant_fetch.py --update --journal /Users/evgenijminko/Work/random/python/output/leaders.json --out /Users/evgenijminko/Work/random/python/cq_v2
2026-10-04 06:29:41 код 1 · токен/тариф не отвечает даже на минимальный запрос — стоп
2026-10-04 06:42:07 дозабор, попытка 2: /Users/evgenijminko/Work/random/python/cryptoquant_fetch.py --update --journal /Users/evgenijminko/Work/random/python/output/leaders.json --out /Users/evgenijminko/Work/random/python/cq_v2
2026-10-04 06:42:09 код 1 · токен/тариф не отвечает даже на минимальный запрос — стоп
2026-10-04 07:12:09 дозабор, попытка 3: /Users/evgenijminko/Work/random/python/cryptoquant_fetch.py --update --journal /Users/evgenijminko/Work/random/python/output/leaders.json --out /Users/evgenijminko/Work/random/python/cq_v2
2026-10-04 07:12:10 код 1 · токен/тариф не отвечает даже на минимальный запрос — стоп
2026-10-04 07:18:36 нет в архиве: 3 (pumpbtc, resolv, velvet)
2026-10-04 07:18:36 добор новичков: pumpbtc, resolv, velvet
2026-10-04 07:18:37 код 1 · токен/тариф не отвечает даже на минимальный запрос — стоп
2026-10-04 07:18:37 данные по 2026-10-02, ждём 2026-10-03 (возраст 27.6 ч)
2026-10-04 07:18:37 дозабор, попытка 1: /Users/evgenijminko/Work/random/python/cryptoquant_fetch.py --update --journal /Users/evgenijminko/Work/random/python/output/leaders.json --out /Users/evgenijminko/Work/random/python/cq_v2
2026-10-04 07:18:39 код 1 · токен/тариф не отвечает даже на минимальный запрос — стоп
2026-10-04 07:48:39 дозабор, попытка 2: /Users/evgenijminko/Work/random/python/cryptoquant_fetch.py --update --journal /Users/evgenijminko/Work/random/python/output/leaders.json --out /Users/evgenijminko/Work/random/python/cq_v2
2026-10-04 07:48:40 код 1 · токен/тариф не отвечает даже на минимальный запрос — стоп
2026-10-04 08:10:02 нет в архиве: 3 (pumpbtc, resolv, velvet)
2026-10-04 08:10:02 добор новичков: pumpbtc, resolv, velvet
2026-10-04 08:10:04 код 1 · токен/тариф не отвечает даже на минимальный запрос — стоп
2026-10-04 08:10:04 данные по 2026-10-02, ждём 2026-10-03 (возраст 28.4 ч)
2026-10-04 08:10:04 дозабор, попытка 1: /Users/evgenijminko/Work/random/python/cryptoquant_fetch.py --update --journal /Users/evgenijminko/Work/random/python/output/leaders.json --out /Users/evgenijminko/Work/random/python/cq_v2
2026-10-04 08:10:06 код 1 · токен/тариф не отвечает даже на минимальный запрос — стоп
2026-10-04 08:18:40 дозабор, попытка 3: /Users/evgenijminko/Work/random/python/cryptoquant_fetch.py --update --journal /Users/evgenijminko/Work/random/python/output/leaders.json --out /Users/evgenijminko/Work/random/python/cq_v2
2026-10-04 08:18:42 код 1 · токен/тариф не отвечает даже на минимальный запрос — стоп
2026-10-04 08:40:06 дозабор, попытка 2: /Users/evgenijminko/Work/random/python/cryptoquant_fetch.py --update --journal /Users/evgenijminko/Work/random/python/output/leaders.json --out /Users/evgenijminko/Work/random/python/cq_v2
2026-10-04 08:40:11 код 1 · токен/тариф не отвечает даже на минимальный запрос — стоп
2026-10-04 09:10:11 дозабор, попытка 3: /Users/evgenijminko/Work/random/python/cryptoquant_fetch.py --update --journal /Users/evgenijminko/Work/random/python/output/leaders.json --out /Users/evgenijminko/Work/random/python/cq_v2
2026-10-04 09:10:13 код 1 · токен/тариф не отвечает даже на минимальный запрос — стоп
2026-10-04 09:16:48 нет в архиве: 4 (akt, pumpbtc, resolv, velvet)
2026-10-04 09:16:48 добор новичков: akt, pumpbtc, resolv, velvet
2026-10-04 09:16:49 код 1 · токен/тариф не отвечает даже на минимальный запрос — стоп
2026-10-04 09:16:49 данные по 2026-10-02, ждём 2026-10-03 (возраст 29.6 ч)
2026-10-04 09:16:49 дозабор, попытка 1: /Users/evgenijminko/Work/random/python/cryptoquant_fetch.py --update --journal /Users/evgenijminko/Work/random/python/output/leaders.json --out /Users/evgenijminko/Work/random/python/cq_v2
2026-10-04 09:16:51 код 1 · токен/тариф не отвечает даже на минимальный запрос — стоп
2026-10-04 09:46:51 дозабор, попытка 2: /Users/evgenijminko/Work/random/python/cryptoquant_fetch.py --update --journal /Users/evgenijminko/Work/random/python/output/leaders.json --out /Users/evgenijminko/Work/random/python/cq_v2
2026-10-04 09:46:52 код 1 · токен/тариф не отвечает даже на минимальный запрос — стоп
2026-10-04 10:00:22 нет в архиве: 4 (akt, pumpbtc, resolv, velvet)
2026-10-04 10:00:22 добор новичков: akt, pumpbtc, resolv, velvet
2026-10-04 10:00:24 код 1 · токен/тариф не отвечает даже на минимальный запрос — стоп
2026-10-04 10:00:24 данные по 2026-10-02, ждём 2026-10-03 (возраст 30.3 ч)
2026-10-04 10:00:24 дозабор, попытка 1: /Users/evgenijminko/Work/random/python/cryptoquant_fetch.py --update --journal /Users/evgenijminko/Work/random/python/output/leaders.json --out /Users/evgenijminko/Work/random/python/cq_v2
2026-10-04 10:00:25 код 1 · токен/тариф не отвечает даже на минимальный запрос — стоп
2026-10-04 10:16:52 дозабор, попытка 3: /Users/evgenijminko/Work/random/python/cryptoquant_fetch.py --update --journal /Users/evgenijminko/Work/random/python/output/leaders.json --out /Users/evgenijminko/Work/random/python/cq_v2
2026-10-04 10:16:54 код 1 · токен/тариф не отвечает даже на минимальный запрос — стоп
2026-10-04 10:30:25 дозабор, попытка 2: /Users/evgenijminko/Work/random/python/cryptoquant_fetch.py --update --journal /Users/evgenijminko/Work/random/python/output/leaders.json --out /Users/evgenijminko/Work/random/python/cq_v2
2026-10-04 10:30:27 код 1 · токен/тариф не отвечает даже на минимальный запрос — стоп
2026-10-04 10:37:55 нет в архиве: 4 (akt, pumpbtc, resolv, velvet)
2026-10-04 10:37:55 добор новичков: akt, pumpbtc, resolv, velvet
2026-10-04 10:37:56 код 1 · токен/тариф не отвечает даже на минимальный запрос — стоп
2026-10-04 10:37:56 данные по 2026-10-02, ждём 2026-10-03 (возраст 30.9 ч)
2026-10-04 10:37:56 дозабор, попытка 1: /Users/evgenijminko/Work/random/python/cryptoquant_fetch.py --update --journal /Users/evgenijminko/Work/random/python/output/leaders.json --out /Users/evgenijminko/Work/random/python/cq_v2
2026-10-04 10:37:57 код 1 · токен/тариф не отвечает даже на минимальный запрос — стоп
2026-10-04 11:00:27 дозабор, попытка 3: /Users/evgenijminko/Work/random/python/cryptoquant_fetch.py --update --journal /Users/evgenijminko/Work/random/python/output/leaders.json --out /Users/evgenijminko/Work/random/python/cq_v2
2026-10-04 11:00:28 код 1 · токен/тариф не отвечает даже на минимальный запрос — стоп
2026-10-04 11:07:58 дозабор, попытка 2: /Users/evgenijminko/Work/random/python/cryptoquant_fetch.py --update --journal /Users/evgenijminko/Work/random/python/output/leaders.json --out /Users/evgenijminko/Work/random/python/cq_v2
2026-10-04 11:07:59 код 1 · токен/тариф не отвечает даже на минимальный запрос — стоп
2026-10-04 11:18:40 нет в архиве: 4 (akt, pumpbtc, resolv, velvet)
2026-10-04 11:18:40 добор новичков: akt, pumpbtc, resolv, velvet
2026-10-04 11:18:42 код 1 · токен/тариф не отвечает даже на минимальный запрос — стоп
2026-10-04 11:18:42 данные по 2026-10-02, ждём 2026-10-03 (возраст 31.6 ч)
2026-10-04 11:18:42 дозабор, попытка 1: /Users/evgenijminko/Work/random/python/cryptoquant_fetch.py --update --journal /Users/evgenijminko/Work/random/python/output/leaders.json --out /Users/evgenijminko/Work/random/python/cq_v2
2026-10-04 11:18:43 код 1 · токен/тариф не отвечает даже на минимальный запрос — стоп
2026-10-04 11:37:59 дозабор, попытка 3: /Users/evgenijminko/Work/random/python/cryptoquant_fetch.py --update --journal /Users/evgenijminko/Work/random/python/output/leaders.json --out /Users/evgenijminko/Work/random/python/cq_v2
2026-10-04 11:38:00 код 1 · токен/тариф не отвечает даже на минимальный запрос — стоп
2026-10-04 11:48:43 дозабор, попытка 2: /Users/evgenijminko/Work/random/python/cryptoquant_fetch.py --update --journal /Users/evgenijminko/Work/random/python/output/leaders.json --out /Users/evgenijminko/Work/random/python/cq_v2
2026-10-04 11:48:44 код 1 · токен/тариф не отвечает даже на минимальный запрос — стоп
2026-10-04 11:56:46 нет в архиве: 4 (akt, pumpbtc, resolv, velvet)
2026-10-04 11:56:46 добор новичков: akt, pumpbtc, resolv, velvet
2026-10-04 11:56:47 код 1 · токен/тариф не отвечает даже на минимальный запрос — стоп
2026-10-04 11:56:47 данные по 2026-10-02, ждём 2026-10-03 (возраст 32.2 ч)
2026-10-04 11:56:47 дозабор, попытка 1: /Users/evgenijminko/Work/random/python/cryptoquant_fetch.py --update --journal /Users/evgenijminko/Work/random/python/output/leaders.json --out /Users/evgenijminko/Work/random/python/cq_v2
2026-10-04 11:56:48 код 1 · токен/тариф не отвечает даже на минимальный запрос — стоп
2026-10-04 12:18:44 дозабор, попытка 3: /Users/evgenijminko/Work/random/python/cryptoquant_fetch.py --update --journal /Users/evgenijminko/Work/random/python/output/leaders.json --out /Users/evgenijminko/Work/random/python/cq_v2
2026-10-04 12:18:46 код 1 · токен/тариф не отвечает даже на минимальный запрос — стоп
2026-10-04 12:26:48 дозабор, попытка 2: /Users/evgenijminko/Work/random/python/cryptoquant_fetch.py --update --journal /Users/evgenijminko/Work/random/python/output/leaders.json --out /Users/evgenijminko/Work/random/python/cq_v2
2026-10-04 12:26:50 код 1 · токен/тариф не отвечает даже на минимальный запрос — стоп
2026-10-04 12:34:05 нет в архиве: 4 (akt, pumpbtc, resolv, velvet)
2026-10-04 12:34:05 добор новичков: akt, pumpbtc, resolv, velvet
2026-10-04 12:34:07 код 1 · токен/тариф не отвечает даже на минимальный запрос — стоп
2026-10-04 12:34:07 данные по 2026-10-02, ждём 2026-10-03 (возраст 32.8 ч)
2026-10-04 12:34:07 дозабор, попытка 1: /Users/evgenijminko/Work/random/python/cryptoquant_fetch.py --update --journal /Users/evgenijminko/Work/random/python/output/leaders.json --out /Users/evgenijminko/Work/random/python/cq_v2
2026-10-04 12:34:08 код 1 · токен/тариф не отвечает даже на минимальный запрос — стоп
2026-10-04 12:56:50 дозабор, попытка 3: /Users/evgenijminko/Work/random/python/cryptoquant_fetch.py --update --journal /Users/evgenijminko/Work/random/python/output/leaders.json --out /Users/evgenijminko/Work/random/python/cq_v2
2026-10-04 12:56:51 код 1 · токен/тариф не отвечает даже на минимальный запрос — стоп
2026-10-04 13:04:08 дозабор, попытка 2: /Users/evgenijminko/Work/random/python/cryptoquant_fetch.py --update --journal /Users/evgenijminko/Work/random/python/output/leaders.json --out /Users/evgenijminko/Work/random/python/cq_v2
2026-10-04 13:04:09 код 1 · токен/тариф не отвечает даже на минимальный запрос — стоп
2026-10-04 13:12:25 нет в архиве: 4 (akt, pumpbtc, resolv, velvet)
2026-10-04 13:12:25 добор новичков: akt, pumpbtc, resolv, velvet
2026-10-04 13:12:26 код 1 · токен/тариф не отвечает даже на минимальный запрос — стоп
2026-10-04 13:12:26 данные по 2026-10-02, ждём 2026-10-03 (возраст 33.5 ч)
2026-10-04 13:12:26 дозабор, попытка 1: /Users/evgenijminko/Work/random/python/cryptoquant_fetch.py --update --journal /Users/evgenijminko/Work/random/python/output/leaders.json --out /Users/evgenijminko/Work/random/python/cq_v2
2026-10-04 13:12:28 код 1 · токен/тариф не отвечает даже на минимальный запрос — стоп
2026-10-04 13:34:09 дозабор, попытка 3: /Users/evgenijminko/Work/random/python/cryptoquant_fetch.py --update --journal /Users/evgenijminko/Work/random/python/output/leaders.json --out /Users/evgenijminko/Work/random/python/cq_v2
2026-10-04 13:34:13 код 1 · токен/тариф не отвечает даже на минимальный запрос — стоп
2026-10-04 13:42:28 дозабор, попытка 2: /Users/evgenijminko/Work/random/python/cryptoquant_fetch.py --update --journal /Users/evgenijminko/Work/random/python/output/leaders.json --out /Users/evgenijminko/Work/random/python/cq_v2
2026-10-04 13:42:30 код 1 · токен/тариф не отвечает даже на минимальный запрос — стоп
2026-10-04 14:12:30 дозабор, попытка 3: /Users/evgenijminko/Work/random/python/cryptoquant_fetch.py --update --journal /Users/evgenijminko/Work/random/python/output/leaders.json --out /Users/evgenijminko/Work/random/python/cq_v2
2026-10-04 14:12:32 код 1 · токен/тариф не отвечает даже на минимальный запрос — стоп
2026-10-04 14:20:32 нет в архиве: 4 (akt, pumpbtc, resolv, velvet)
2026-10-04 14:20:32 добор новичков: akt, pumpbtc, resolv, velvet
2026-10-04 14:20:34 код 1 · токен/тариф не отвечает даже на минимальный запрос — стоп
2026-10-04 14:20:34 данные по 2026-10-02, ждём 2026-10-03 (возраст 34.6 ч)
2026-10-04 14:20:34 дозабор, попытка 1: /Users/evgenijminko/Work/random/python/cryptoquant_fetch.py --update --journal /Users/evgenijminko/Work/random/python/output/leaders.json --out /Users/evgenijminko/Work/random/python/cq_v2
2026-10-04 14:20:35 код 1 · токен/тариф не отвечает даже на минимальный запрос — стоп
2026-10-04 14:50:35 дозабор, попытка 2: /Users/evgenijminko/Work/random/python/cryptoquant_fetch.py --update --journal /Users/evgenijminko/Work/random/python/output/leaders.json --out /Users/evgenijminko/Work/random/python/cq_v2
2026-10-04 14:50:37 код 1 · токен/тариф не отвечает даже на минимальный запрос — стоп
2026-10-04 15:00:58 нет в архиве: 4 (akt, pumpbtc, resolv, velvet)
2026-10-04 15:00:58 добор новичков: akt, pumpbtc, resolv, velvet
2026-10-04 15:01:00 код 1 · токен/тариф не отвечает даже на минимальный запрос — стоп
2026-10-04 15:01:00 данные по 2026-10-02, ждём 2026-10-03 (возраст 35.3 ч)
2026-10-04 15:01:00 дозабор, попытка 1: /Users/evgenijminko/Work/random/python/cryptoquant_fetch.py --update --journal /Users/evgenijminko/Work/random/python/output/leaders.json --out /Users/evgenijminko/Work/random/python/cq_v2
2026-10-04 15:01:01 код 1 · токен/тариф не отвечает даже на минимальный запрос — стоп
2026-10-04 15:20:37 дозабор, попытка 3: /Users/evgenijminko/Work/random/python/cryptoquant_fetch.py --update --journal /Users/evgenijminko/Work/random/python/output/leaders.json --out /Users/evgenijminko/Work/random/python/cq_v2
2026-10-04 15:20:41 код 1 · токен/тариф не отвечает даже на минимальный запрос — стоп
2026-10-04 15:31:01 дозабор, попытка 2: /Users/evgenijminko/Work/random/python/cryptoquant_fetch.py --update --journal /Users/evgenijminko/Work/random/python/output/leaders.json --out /Users/evgenijminko/Work/random/python/cq_v2
2026-10-04 15:31:03 код 1 · токен/тариф не отвечает даже на минимальный запрос — стоп
2026-10-04 15:41:12 нет в архиве: 4 (akt, pumpbtc, resolv, velvet)
2026-10-04 15:41:12 добор новичков: akt, pumpbtc, resolv, velvet
2026-10-04 15:41:13 код 1 · токен/тариф не отвечает даже на минимальный запрос — стоп
2026-10-04 15:41:14 данные по 2026-10-02, ждём 2026-10-03 (возраст 36.0 ч)
2026-10-04 15:41:14 дозабор, попытка 1: /Users/evgenijminko/Work/random/python/cryptoquant_fetch.py --update --journal /Users/evgenijminko/Work/random/python/output/leaders.json --out /Users/evgenijminko/Work/random/python/cq_v2
2026-10-04 15:41:15 код 1 · токен/тариф не отвечает даже на минимальный запрос — стоп
2026-10-04 16:01:03 дозабор, попытка 3: /Users/evgenijminko/Work/random/python/cryptoquant_fetch.py --update --journal /Users/evgenijminko/Work/random/python/output/leaders.json --out /Users/evgenijminko/Work/random/python/cq_v2
2026-10-04 16:01:05 код 1 · токен/тариф не отвечает даже на минимальный запрос — стоп
2026-10-04 16:11:15 дозабор, попытка 2: /Users/evgenijminko/Work/random/python/cryptoquant_fetch.py --update --journal /Users/evgenijminko/Work/random/python/output/leaders.json --out /Users/evgenijminko/Work/random/python/cq_v2
2026-10-04 16:11:17 код 1 · токен/тариф не отвечает даже на минимальный запрос — стоп
2026-10-04 16:41:17 дозабор, попытка 3: /Users/evgenijminko/Work/random/python/cryptoquant_fetch.py --update --journal /Users/evgenijminko/Work/random/python/output/leaders.json --out /Users/evgenijminko/Work/random/python/cq_v2
2026-10-04 16:41:18 код 1 · токен/тариф не отвечает даже на минимальный запрос — стоп
2026-10-04 16:48:00 нет в архиве: 4 (akt, pumpbtc, resolv, velvet)
2026-10-04 16:48:00 добор новичков: akt, pumpbtc, resolv, velvet
2026-10-04 16:48:02 код 1 · токен/тариф не отвечает даже на минимальный запрос — стоп
2026-10-04 16:48:02 данные по 2026-10-02, ждём 2026-10-03 (возраст 37.1 ч)
2026-10-04 16:48:02 дозабор, попытка 1: /Users/evgenijminko/Work/random/python/cryptoquant_fetch.py --update --journal /Users/evgenijminko/Work/random/python/output/leaders.json --out /Users/evgenijminko/Work/random/python/cq_v2
2026-10-04 16:48:04 код 1 · токен/тариф не отвечает даже на минимальный запрос — стоп
2026-10-04 17:18:04 дозабор, попытка 2: /Users/evgenijminko/Work/random/python/cryptoquant_fetch.py --update --journal /Users/evgenijminko/Work/random/python/output/leaders.json --out /Users/evgenijminko/Work/random/python/cq_v2
2026-10-04 17:18:07 код 1 · токен/тариф не отвечает даже на минимальный запрос — стоп
2026-10-04 17:33:00 нет в архиве: 4 (akt, pumpbtc, resolv, velvet)
2026-10-04 17:33:00 добор новичков: akt, pumpbtc, resolv, velvet
2026-10-04 17:33:02 код 1 · токен/тариф не отвечает даже на минимальный запрос — стоп
2026-10-04 17:33:02 данные по 2026-10-02, ждём 2026-10-03 (возраст 37.8 ч)
2026-10-04 17:33:02 дозабор, попытка 1: /Users/evgenijminko/Work/random/python/cryptoquant_fetch.py --update --journal /Users/evgenijminko/Work/random/python/output/leaders.json --out /Users/evgenijminko/Work/random/python/cq_v2
2026-10-04 17:33:04 код 1 · токен/тариф не отвечает даже на минимальный запрос — стоп
2026-10-04 17:48:07 дозабор, попытка 3: /Users/evgenijminko/Work/random/python/cryptoquant_fetch.py --update --journal /Users/evgenijminko/Work/random/python/output/leaders.json --out /Users/evgenijminko/Work/random/python/cq_v2
2026-10-04 17:48:09 код 1 · токен/тариф не отвечает даже на минимальный запрос — стоп
2026-10-04 18:03:04 дозабор, попытка 2: /Users/evgenijminko/Work/random/python/cryptoquant_fetch.py --update --journal /Users/evgenijminko/Work/random/python/output/leaders.json --out /Users/evgenijminko/Work/random/python/cq_v2
2026-10-04 18:03:05 код 1 · токен/тариф не отвечает даже на минимальный запрос — стоп
2026-10-04 18:16:52 нет в архиве: 4 (akt, pumpbtc, resolv, velvet)
2026-10-04 18:16:52 добор новичков: akt, pumpbtc, resolv, velvet
2026-10-04 18:18:06 код 0 · готово: /Users/evgenijminko/Work/random/python/cq_v2/ · сводка _summary.json (прицельно, full_at не тронут)
2026-10-04 18:18:06 данные по 2026-10-02, ждём 2026-10-03 (возраст 38.6 ч)
2026-10-04 18:18:06 дозабор, попытка 1: /Users/evgenijminko/Work/random/python/cryptoquant_fetch.py --update --journal /Users/evgenijminko/Work/random/python/output/leaders.json --out /Users/evgenijminko/Work/random/python/cq_v2
2026-10-04 18:33:05 дозабор, попытка 3: /Users/evgenijminko/Work/random/python/cryptoquant_fetch.py --update --journal /Users/evgenijminko/Work/random/python/output/leaders.json --out /Users/evgenijminko/Work/random/python/cq_v2
2026-10-04 19:17:39 данные по 2026-10-02, ждём 2026-10-03 (возраст 39.6 ч)
2026-10-04 19:17:39 дозабор, попытка 1: /Users/evgenijminko/Work/random/python/cryptoquant_fetch.py --update --journal /Users/evgenijminko/Work/random/python/output/leaders.json --out /Users/evgenijminko/Work/random/python/cq_v2
2026-10-04 19:54:25 данные по 2026-10-02, ждём 2026-10-03 (возраст 40.2 ч)
2026-10-04 19:54:25 дозабор, попытка 1: /Users/evgenijminko/Work/random/python/cryptoquant_fetch.py --update --journal /Users/evgenijminko/Work/random/python/output/leaders.json --out /Users/evgenijminko/Work/random/python/cq_v2
2026-10-04 19:54:27 код 1 · токен/тариф не отвечает даже на минимальный запрос — стоп
2026-10-04 20:24:27 дозабор, попытка 2: /Users/evgenijminko/Work/random/python/cryptoquant_fetch.py --update --journal /Users/evgenijminko/Work/random/python/output/leaders.json --out /Users/evgenijminko/Work/random/python/cq_v2
2026-10-04 20:25:00 код 1 · токен/тариф не отвечает даже на минимальный запрос — стоп
2026-10-04 20:37:28 данные по 2026-10-02, ждём 2026-10-03 (возраст 40.9 ч)
2026-10-04 20:37:28 дозабор, попытка 1: /Users/evgenijminko/Work/random/python/cryptoquant_fetch.py --update --journal /Users/evgenijminko/Work/random/python/output/leaders.json --out /Users/evgenijminko/Work/random/python/cq_v2
2026-10-04 20:38:02 код 1 · токен/тариф не отвечает даже на минимальный запрос — стоп
2026-10-04 20:55:00 дозабор, попытка 3: /Users/evgenijminko/Work/random/python/cryptoquant_fetch.py --update --journal /Users/evgenijminko/Work/random/python/output/leaders.json --out /Users/evgenijminko/Work/random/python/cq_v2
2026-10-04 20:55:08 код 1 · токен/тариф не отвечает даже на минимальный запрос — стоп
2026-10-04 21:08:02 дозабор, попытка 2: /Users/evgenijminko/Work/random/python/cryptoquant_fetch.py --update --journal /Users/evgenijminko/Work/random/python/output/leaders.json --out /Users/evgenijminko/Work/random/python/cq_v2
2026-10-04 21:08:09 код 1 · токен/тариф не отвечает даже на минимальный запрос — стоп
2026-10-04 21:14:05 код 0 · готово: /Users/evgenijminko/Work/random/python/cq_v2/ · сводка _summary.json
2026-10-04 21:33:25 код 0 · готово: /Users/evgenijminko/Work/random/python/cq_v2/ · сводка _summary.json
2026-10-04 21:38:09 дозабор, попытка 3: /Users/evgenijminko/Work/random/python/cryptoquant_fetch.py --update --journal /Users/evgenijminko/Work/random/python/output/leaders.json --out /Users/evgenijminko/Work/random/python/cq_v2
2026-10-04 21:38:11 код 1 · токен/тариф не отвечает даже на минимальный запрос — стоп
2026-10-04 21:57:09 код 0 · готово: /Users/evgenijminko/Work/random/python/cq_v2/ · сводка _summary.json
2026-10-05 01:29:07 данные по 2026-10-03, ждём 2026-10-04 (возраст 3.5 ч)
2026-10-05 01:29:07 дозабор, попытка 1: /Users/evgenijminko/Work/random/python/cryptoquant_fetch.py --update --journal /Users/evgenijminko/Work/random/python/output/leaders.json --out /Users/evgenijminko/Work/random/python/cq_v2
2026-10-05 01:29:09 код 1 · токен/тариф не отвечает даже на минимальный запрос — стоп
2026-10-05 01:59:08 дозабор, попытка 2: /Users/evgenijminko/Work/random/python/cryptoquant_fetch.py --update --journal /Users/evgenijminko/Work/random/python/output/leaders.json --out /Users/evgenijminko/Work/random/python/cq_v2
2026-10-05 01:59:13 код 1 · токен/тариф не отвечает даже на минимальный запрос — стоп
2026-10-05 02:05:04 данные по 2026-10-03, ждём 2026-10-04 (возраст 4.1 ч)
2026-10-05 02:05:04 дозабор, попытка 1: /Users/evgenijminko/Work/random/python/cryptoquant_fetch.py --update --journal /Users/evgenijminko/Work/random/python/output/leaders.json --out /Users/evgenijminko/Work/random/python/cq_v2
2026-10-05 02:05:05 код 1 · токен/тариф не отвечает даже на минимальный запрос — стоп
2026-10-05 02:29:13 дозабор, попытка 3: /Users/evgenijminko/Work/random/python/cryptoquant_fetch.py --update --journal /Users/evgenijminko/Work/random/python/output/leaders.json --out /Users/evgenijminko/Work/random/python/cq_v2
2026-10-05 02:29:15 код 1 · токен/тариф не отвечает даже на минимальный запрос — стоп
2026-10-05 02:35:05 дозабор, попытка 2: /Users/evgenijminko/Work/random/python/cryptoquant_fetch.py --update --journal /Users/evgenijminko/Work/random/python/output/leaders.json --out /Users/evgenijminko/Work/random/python/cq_v2
2026-10-05 02:35:07 код 1 · токен/тариф не отвечает даже на минимальный запрос — стоп
2026-10-05 02:42:12 данные по 2026-10-03, ждём 2026-10-04 (возраст 4.8 ч)
2026-10-05 02:42:12 дозабор, попытка 1: /Users/evgenijminko/Work/random/python/cryptoquant_fetch.py --update --journal /Users/evgenijminko/Work/random/python/output/leaders.json --out /Users/evgenijminko/Work/random/python/cq_v2
2026-10-05 02:42:14 код 1 · токен/тариф не отвечает даже на минимальный запрос — стоп
2026-10-05 03:05:07 дозабор, попытка 3: /Users/evgenijminko/Work/random/python/cryptoquant_fetch.py --update --journal /Users/evgenijminko/Work/random/python/output/leaders.json --out /Users/evgenijminko/Work/random/python/cq_v2
2026-10-05 03:05:08 код 1 · токен/тариф не отвечает даже на минимальный запрос — стоп
2026-10-05 03:12:14 дозабор, попытка 2: /Users/evgenijminko/Work/random/python/cryptoquant_fetch.py --update --journal /Users/evgenijminko/Work/random/python/output/leaders.json --out /Users/evgenijminko/Work/random/python/cq_v2
2026-10-05 03:12:15 код 1 · токен/тариф не отвечает даже на минимальный запрос — стоп
2026-10-05 03:42:15 дозабор, попытка 3: /Users/evgenijminko/Work/random/python/cryptoquant_fetch.py --update --journal /Users/evgenijminko/Work/random/python/output/leaders.json --out /Users/evgenijminko/Work/random/python/cq_v2
2026-10-05 03:42:16 код 1 · токен/тариф не отвечает даже на минимальный запрос — стоп
2026-10-05 03:54:15 данные по 2026-10-03, ждём 2026-10-04 (возраст 6.0 ч)
2026-10-05 03:54:15 дозабор, попытка 1: /Users/evgenijminko/Work/random/python/cryptoquant_fetch.py --update --journal /Users/evgenijminko/Work/random/python/output/leaders.json --out /Users/evgenijminko/Work/random/python/cq_v2
2026-10-05 03:54:16 код 1 · токен/тариф не отвечает даже на минимальный запрос — стоп
2026-10-05 04:24:16 дозабор, попытка 2: /Users/evgenijminko/Work/random/python/cryptoquant_fetch.py --update --journal /Users/evgenijminko/Work/random/python/output/leaders.json --out /Users/evgenijminko/Work/random/python/cq_v2
2026-10-05 04:24:18 код 1 · токен/тариф не отвечает даже на минимальный запрос — стоп
2026-10-05 04:32:25 данные по 2026-10-03, ждём 2026-10-04 (возраст 6.6 ч)
2026-10-05 04:32:25 дозабор, попытка 1: /Users/evgenijminko/Work/random/python/cryptoquant_fetch.py --update --journal /Users/evgenijminko/Work/random/python/output/leaders.json --out /Users/evgenijminko/Work/random/python/cq_v2
2026-10-05 04:32:26 код 1 · токен/тариф не отвечает даже на минимальный запрос — стоп
2026-10-05 04:54:18 дозабор, попытка 3: /Users/evgenijminko/Work/random/python/cryptoquant_fetch.py --update --journal /Users/evgenijminko/Work/random/python/output/leaders.json --out /Users/evgenijminko/Work/random/python/cq_v2
2026-10-05 04:54:19 код 1 · токен/тариф не отвечает даже на минимальный запрос — стоп
2026-10-05 05:02:26 дозабор, попытка 2: /Users/evgenijminko/Work/random/python/cryptoquant_fetch.py --update --journal /Users/evgenijminko/Work/random/python/output/leaders.json --out /Users/evgenijminko/Work/random/python/cq_v2
2026-10-05 05:02:28 код 1 · токен/тариф не отвечает даже на минимальный запрос — стоп
2026-10-05 05:08:11 данные по 2026-10-03, ждём 2026-10-04 (возраст 7.2 ч)
2026-10-05 05:08:11 дозабор, попытка 1: /Users/evgenijminko/Work/random/python/cryptoquant_fetch.py --update --journal /Users/evgenijminko/Work/random/python/output/leaders.json --out /Users/evgenijminko/Work/random/python/cq_v2
2026-10-05 05:08:12 код 1 · токен/тариф не отвечает даже на минимальный запрос — стоп
2026-10-05 05:32:28 дозабор, попытка 3: /Users/evgenijminko/Work/random/python/cryptoquant_fetch.py --update --journal /Users/evgenijminko/Work/random/python/output/leaders.json --out /Users/evgenijminko/Work/random/python/cq_v2
2026-10-05 05:32:29 код 1 · токен/тариф не отвечает даже на минимальный запрос — стоп
2026-10-05 05:38:12 дозабор, попытка 2: /Users/evgenijminko/Work/random/python/cryptoquant_fetch.py --update --journal /Users/evgenijminko/Work/random/python/output/leaders.json --out /Users/evgenijminko/Work/random/python/cq_v2
2026-10-05 05:38:13 код 1 · токен/тариф не отвечает даже на минимальный запрос — стоп
2026-10-05 05:57:25 данные по 2026-10-03, ждём 2026-10-04 (возраст 8.0 ч)
2026-10-05 05:57:25 дозабор, попытка 1: /Users/evgenijminko/Work/random/python/cryptoquant_fetch.py --update --journal /Users/evgenijminko/Work/random/python/output/leaders.json --out /Users/evgenijminko/Work/random/python/cq_v2
2026-10-05 05:57:26 код 1 · токен/тариф не отвечает даже на минимальный запрос — стоп
2026-10-05 06:08:13 дозабор, попытка 3: /Users/evgenijminko/Work/random/python/cryptoquant_fetch.py --update --journal /Users/evgenijminko/Work/random/python/output/leaders.json --out /Users/evgenijminko/Work/random/python/cq_v2
2026-10-05 06:08:15 код 1 · токен/тариф не отвечает даже на минимальный запрос — стоп
2026-10-05 06:27:26 дозабор, попытка 2: /Users/evgenijminko/Work/random/python/cryptoquant_fetch.py --update --journal /Users/evgenijminko/Work/random/python/output/leaders.json --out /Users/evgenijminko/Work/random/python/cq_v2
2026-10-05 06:27:28 код 1 · токен/тариф не отвечает даже на минимальный запрос — стоп
2026-10-05 06:37:05 нет в архиве: 1 (carv)
2026-10-05 06:37:05 добор новичков: carv
2026-10-05 06:37:06 код 1 · токен/тариф не отвечает даже на минимальный запрос — стоп
2026-10-05 06:37:06 данные по 2026-10-03, ждём 2026-10-04 (возраст 8.7 ч)
2026-10-05 06:37:06 дозабор, попытка 1: /Users/evgenijminko/Work/random/python/cryptoquant_fetch.py --update --journal /Users/evgenijminko/Work/random/python/output/leaders.json --out /Users/evgenijminko/Work/random/python/cq_v2
2026-10-05 06:37:08 код 1 · токен/тариф не отвечает даже на минимальный запрос — стоп
2026-10-05 06:57:28 дозабор, попытка 3: /Users/evgenijminko/Work/random/python/cryptoquant_fetch.py --update --journal /Users/evgenijminko/Work/random/python/output/leaders.json --out /Users/evgenijminko/Work/random/python/cq_v2
2026-10-05 06:57:29 код 1 · токен/тариф не отвечает даже на минимальный запрос — стоп
2026-10-05 07:07:08 дозабор, попытка 2: /Users/evgenijminko/Work/random/python/cryptoquant_fetch.py --update --journal /Users/evgenijminko/Work/random/python/output/leaders.json --out /Users/evgenijminko/Work/random/python/cq_v2
2026-10-05 07:07:09 код 1 · токен/тариф не отвечает даже на минимальный запрос — стоп
2026-10-05 07:17:18 нет в архиве: 1 (carv)
2026-10-05 07:17:18 добор новичков: carv
2026-10-05 07:17:19 код 1 · токен/тариф не отвечает даже на минимальный запрос — стоп
2026-10-05 07:17:19 данные по 2026-10-03, ждём 2026-10-04 (возраст 9.3 ч)
2026-10-05 07:17:19 дозабор, попытка 1: /Users/evgenijminko/Work/random/python/cryptoquant_fetch.py --update --journal /Users/evgenijminko/Work/random/python/output/leaders.json --out /Users/evgenijminko/Work/random/python/cq_v2
2026-10-05 07:17:21 код 1 · токен/тариф не отвечает даже на минимальный запрос — стоп
2026-10-05 07:37:09 дозабор, попытка 3: /Users/evgenijminko/Work/random/python/cryptoquant_fetch.py --update --journal /Users/evgenijminko/Work/random/python/output/leaders.json --out /Users/evgenijminko/Work/random/python/cq_v2
2026-10-05 07:37:10 код 1 · токен/тариф не отвечает даже на минимальный запрос — стоп
2026-10-05 07:47:21 дозабор, попытка 2: /Users/evgenijminko/Work/random/python/cryptoquant_fetch.py --update --journal /Users/evgenijminko/Work/random/python/output/leaders.json --out /Users/evgenijminko/Work/random/python/cq_v2
2026-10-05 07:47:51 код 1 · токен/тариф не отвечает даже на минимальный запрос — стоп
2026-10-05 07:52:36 нет в архиве: 1 (carv)
2026-10-05 07:52:36 добор новичков: carv
2026-10-05 07:53:06 код 1 · токен/тариф не отвечает даже на минимальный запрос — стоп
2026-10-05 07:53:06 данные по 2026-10-03, ждём 2026-10-04 (возраст 9.9 ч)
2026-10-05 07:53:06 дозабор, попытка 1: /Users/evgenijminko/Work/random/python/cryptoquant_fetch.py --update --journal /Users/evgenijminko/Work/random/python/output/leaders.json --out /Users/evgenijminko/Work/random/python/cq_v2
2026-10-05 07:53:37 код 1 · токен/тариф не отвечает даже на минимальный запрос — стоп
2026-10-05 08:17:52 дозабор, попытка 3: /Users/evgenijminko/Work/random/python/cryptoquant_fetch.py --update --journal /Users/evgenijminko/Work/random/python/output/leaders.json --out /Users/evgenijminko/Work/random/python/cq_v2
2026-10-05 08:18:22 код 1 · токен/тариф не отвечает даже на минимальный запрос — стоп
2026-10-05 08:23:38 дозабор, попытка 2: /Users/evgenijminko/Work/random/python/cryptoquant_fetch.py --update --journal /Users/evgenijminko/Work/random/python/output/leaders.json --out /Users/evgenijminko/Work/random/python/cq_v2
2026-10-05 08:24:08 код 1 · токен/тариф не отвечает даже на минимальный запрос — стоп
2026-10-05 08:28:00 нет в архиве: 1 (carv)
2026-10-05 08:28:00 добор новичков: carv
2026-10-05 08:28:01 код 1 · токен/тариф не отвечает даже на минимальный запрос — стоп
2026-10-05 08:28:01 данные по 2026-10-03, ждём 2026-10-04 (возраст 10.5 ч)
2026-10-05 08:28:01 дозабор, попытка 1: /Users/evgenijminko/Work/random/python/cryptoquant_fetch.py --update --journal /Users/evgenijminko/Work/random/python/output/leaders.json --out /Users/evgenijminko/Work/random/python/cq_v2
2026-10-05 08:28:02 код 1 · токен/тариф не отвечает даже на минимальный запрос — стоп
2026-10-05 08:54:08 дозабор, попытка 3: /Users/evgenijminko/Work/random/python/cryptoquant_fetch.py --update --journal /Users/evgenijminko/Work/random/python/output/leaders.json --out /Users/evgenijminko/Work/random/python/cq_v2
2026-10-05 08:54:10 код 1 · токен/тариф не отвечает даже на минимальный запрос — стоп
2026-10-05 08:58:02 дозабор, попытка 2: /Users/evgenijminko/Work/random/python/cryptoquant_fetch.py --update --journal /Users/evgenijminko/Work/random/python/output/leaders.json --out /Users/evgenijminko/Work/random/python/cq_v2
2026-10-05 08:58:03 код 1 · токен/тариф не отвечает даже на минимальный запрос — стоп
2026-10-05 09:09:50 нет в архиве: 1 (carv)
2026-10-05 09:09:50 добор новичков: carv
2026-10-05 09:09:51 код 1 · токен/тариф не отвечает даже на минимальный запрос — стоп
2026-10-05 09:09:51 данные по 2026-10-03, ждём 2026-10-04 (возраст 11.2 ч)
2026-10-05 09:09:51 дозабор, попытка 1: /Users/evgenijminko/Work/random/python/cryptoquant_fetch.py --update --journal /Users/evgenijminko/Work/random/python/output/leaders.json --out /Users/evgenijminko/Work/random/python/cq_v2
2026-10-05 09:09:53 код 1 · токен/тариф не отвечает даже на минимальный запрос — стоп
2026-10-05 09:28:03 дозабор, попытка 3: /Users/evgenijminko/Work/random/python/cryptoquant_fetch.py --update --journal /Users/evgenijminko/Work/random/python/output/leaders.json --out /Users/evgenijminko/Work/random/python/cq_v2
2026-10-05 09:28:05 код 1 · токен/тариф не отвечает даже на минимальный запрос — стоп
2026-10-05 09:39:53 дозабор, попытка 2: /Users/evgenijminko/Work/random/python/cryptoquant_fetch.py --update --journal /Users/evgenijminko/Work/random/python/output/leaders.json --out /Users/evgenijminko/Work/random/python/cq_v2
2026-10-05 09:39:54 код 1 · токен/тариф не отвечает даже на минимальный запрос — стоп
2026-10-05 09:47:07 нет в архиве: 1 (carv)
2026-10-05 09:47:07 добор новичков: carv
2026-10-05 09:47:09 код 1 · токен/тариф не отвечает даже на минимальный запрос — стоп
2026-10-05 09:47:09 данные по 2026-10-03, ждём 2026-10-04 (возраст 11.8 ч)
2026-10-05 09:47:09 дозабор, попытка 1: /Users/evgenijminko/Work/random/python/cryptoquant_fetch.py --update --journal /Users/evgenijminko/Work/random/python/output/leaders.json --out /Users/evgenijminko/Work/random/python/cq_v2
2026-10-05 09:47:10 код 1 · токен/тариф не отвечает даже на минимальный запрос — стоп
2026-10-05 10:09:54 дозабор, попытка 3: /Users/evgenijminko/Work/random/python/cryptoquant_fetch.py --update --journal /Users/evgenijminko/Work/random/python/output/leaders.json --out /Users/evgenijminko/Work/random/python/cq_v2
2026-10-05 10:09:56 код 1 · токен/тариф не отвечает даже на минимальный запрос — стоп
2026-10-05 10:17:10 дозабор, попытка 2: /Users/evgenijminko/Work/random/python/cryptoquant_fetch.py --update --journal /Users/evgenijminko/Work/random/python/output/leaders.json --out /Users/evgenijminko/Work/random/python/cq_v2
2026-10-05 10:17:12 код 1 · токен/тариф не отвечает даже на минимальный запрос — стоп
2026-10-05 10:28:55 нет в архиве: 1 (carv)
2026-10-05 10:28:55 добор новичков: carv
2026-10-05 10:28:56 код 1 · токен/тариф не отвечает даже на минимальный запрос — стоп
2026-10-05 10:28:56 данные по 2026-10-03, ждём 2026-10-04 (возраст 12.5 ч)
2026-10-05 10:28:56 дозабор, попытка 1: /Users/evgenijminko/Work/random/python/cryptoquant_fetch.py --update --journal /Users/evgenijminko/Work/random/python/output/leaders.json --out /Users/evgenijminko/Work/random/python/cq_v2
2026-10-05 10:28:58 код 1 · токен/тариф не отвечает даже на минимальный запрос — стоп
2026-10-05 10:47:12 дозабор, попытка 3: /Users/evgenijminko/Work/random/python/cryptoquant_fetch.py --update --journal /Users/evgenijminko/Work/random/python/output/leaders.json --out /Users/evgenijminko/Work/random/python/cq_v2
2026-10-05 10:47:14 код 1 · токен/тариф не отвечает даже на минимальный запрос — стоп
2026-10-05 10:58:57 дозабор, попытка 2: /Users/evgenijminko/Work/random/python/cryptoquant_fetch.py --update --journal /Users/evgenijminko/Work/random/python/output/leaders.json --out /Users/evgenijminko/Work/random/python/cq_v2
2026-10-05 10:58:59 код 1 · токен/тариф не отвечает даже на минимальный запрос — стоп
2026-10-05 11:04:43 нет в архиве: 1 (carv)
2026-10-05 11:04:43 добор новичков: carv
2026-10-05 11:04:44 код 1 · токен/тариф не отвечает даже на минимальный запрос — стоп
2026-10-05 11:04:44 данные по 2026-10-03, ждём 2026-10-04 (возраст 13.1 ч)
2026-10-05 11:04:44 дозабор, попытка 1: /Users/evgenijminko/Work/random/python/cryptoquant_fetch.py --update --journal /Users/evgenijminko/Work/random/python/output/leaders.json --out /Users/evgenijminko/Work/random/python/cq_v2
2026-10-05 11:04:46 код 1 · токен/тариф не отвечает даже на минимальный запрос — стоп
2026-10-05 11:28:59 дозабор, попытка 3: /Users/evgenijminko/Work/random/python/cryptoquant_fetch.py --update --journal /Users/evgenijminko/Work/random/python/output/leaders.json --out /Users/evgenijminko/Work/random/python/cq_v2
2026-10-05 11:29:01 код 1 · токен/тариф не отвечает даже на минимальный запрос — стоп
2026-10-05 11:34:46 дозабор, попытка 2: /Users/evgenijminko/Work/random/python/cryptoquant_fetch.py --update --journal /Users/evgenijminko/Work/random/python/output/leaders.json --out /Users/evgenijminko/Work/random/python/cq_v2
2026-10-05 11:34:47 код 1 · токен/тариф не отвечает даже на минимальный запрос — стоп
2026-10-05 11:42:54 нет в архиве: 1 (carv)
2026-10-05 11:42:54 добор новичков: carv
2026-10-05 11:42:56 код 1 · токен/тариф не отвечает даже на минимальный запрос — стоп
2026-10-05 11:42:56 данные по 2026-10-03, ждём 2026-10-04 (возраст 13.8 ч)
2026-10-05 11:42:56 дозабор, попытка 1: /Users/evgenijminko/Work/random/python/cryptoquant_fetch.py --update --journal /Users/evgenijminko/Work/random/python/output/leaders.json --out /Users/evgenijminko/Work/random/python/cq_v2
2026-10-05 11:42:57 код 1 · токен/тариф не отвечает даже на минимальный запрос — стоп
2026-10-05 12:04:48 дозабор, попытка 3: /Users/evgenijminko/Work/random/python/cryptoquant_fetch.py --update --journal /Users/evgenijminko/Work/random/python/output/leaders.json --out /Users/evgenijminko/Work/random/python/cq_v2
2026-10-05 12:05:18 код 1 · токен/тариф не отвечает даже на минимальный запрос — стоп
2026-10-05 12:12:57 дозабор, попытка 2: /Users/evgenijminko/Work/random/python/cryptoquant_fetch.py --update --journal /Users/evgenijminko/Work/random/python/output/leaders.json --out /Users/evgenijminko/Work/random/python/cq_v2
2026-10-05 12:13:30 код 1 · токен/тариф не отвечает даже на минимальный запрос — стоп
2026-10-05 12:43:30 дозабор, попытка 3: /Users/evgenijminko/Work/random/python/cryptoquant_fetch.py --update --journal /Users/evgenijminko/Work/random/python/output/leaders.json --out /Users/evgenijminko/Work/random/python/cq_v2
2026-10-05 12:44:01 код 1 · токен/тариф не отвечает даже на минимальный запрос — стоп
2026-10-05 12:54:53 нет в архиве: 1 (carv)
2026-10-05 12:54:53 добор новичков: carv
2026-10-05 12:55:24 код 1 · токен/тариф не отвечает даже на минимальный запрос — стоп
2026-10-05 12:55:24 данные по 2026-10-03, ждём 2026-10-04 (возраст 15.0 ч)
2026-10-05 12:55:24 дозабор, попытка 1: /Users/evgenijminko/Work/random/python/cryptoquant_fetch.py --update --journal /Users/evgenijminko/Work/random/python/output/leaders.json --out /Users/evgenijminko/Work/random/python/cq_v2
2026-10-05 12:55:55 код 1 · токен/тариф не отвечает даже на минимальный запрос — стоп
2026-10-05 13:25:55 дозабор, попытка 2: /Users/evgenijminko/Work/random/python/cryptoquant_fetch.py --update --journal /Users/evgenijminko/Work/random/python/output/leaders.json --out /Users/evgenijminko/Work/random/python/cq_v2
2026-10-05 13:26:26 код 1 · токен/тариф не отвечает даже на минимальный запрос — стоп
2026-10-05 13:30:48 нет в архиве: 2 (carv, edu)
2026-10-05 13:30:48 добор новичков: carv, edu
2026-10-05 13:31:19 код 1 · токен/тариф не отвечает даже на минимальный запрос — стоп
2026-10-05 13:31:19 данные по 2026-10-03, ждём 2026-10-04 (возраст 15.6 ч)
2026-10-05 13:31:19 дозабор, попытка 1: /Users/evgenijminko/Work/random/python/cryptoquant_fetch.py --update --journal /Users/evgenijminko/Work/random/python/output/leaders.json --out /Users/evgenijminko/Work/random/python/cq_v2
2026-10-05 13:31:50 код 1 · токен/тариф не отвечает даже на минимальный запрос — стоп
2026-10-05 13:56:26 дозабор, попытка 3: /Users/evgenijminko/Work/random/python/cryptoquant_fetch.py --update --journal /Users/evgenijminko/Work/random/python/output/leaders.json --out /Users/evgenijminko/Work/random/python/cq_v2
2026-10-05 13:56:56 код 1 · токен/тариф не отвечает даже на минимальный запрос — стоп
2026-10-05 14:01:50 дозабор, попытка 2: /Users/evgenijminko/Work/random/python/cryptoquant_fetch.py --update --journal /Users/evgenijminko/Work/random/python/output/leaders.json --out /Users/evgenijminko/Work/random/python/cq_v2
2026-10-05 14:02:21 код 1 · токен/тариф не отвечает даже на минимальный запрос — стоп
2026-10-05 14:07:07 нет в архиве: 2 (carv, edu)
2026-10-05 14:07:07 добор новичков: carv, edu
2026-10-05 14:07:38 код 1 · токен/тариф не отвечает даже на минимальный запрос — стоп
2026-10-05 14:07:38 данные по 2026-10-03, ждём 2026-10-04 (возраст 16.2 ч)
2026-10-05 14:07:38 дозабор, попытка 1: /Users/evgenijminko/Work/random/python/cryptoquant_fetch.py --update --journal /Users/evgenijminko/Work/random/python/output/leaders.json --out /Users/evgenijminko/Work/random/python/cq_v2
2026-10-05 14:08:10 код 1 · токен/тариф не отвечает даже на минимальный запрос — стоп
2026-10-05 14:32:21 дозабор, попытка 3: /Users/evgenijminko/Work/random/python/cryptoquant_fetch.py --update --journal /Users/evgenijminko/Work/random/python/output/leaders.json --out /Users/evgenijminko/Work/random/python/cq_v2
2026-10-05 14:32:52 код 1 · токен/тариф не отвечает даже на минимальный запрос — стоп
2026-10-05 14:38:10 дозабор, попытка 2: /Users/evgenijminko/Work/random/python/cryptoquant_fetch.py --update --journal /Users/evgenijminko/Work/random/python/output/leaders.json --out /Users/evgenijminko/Work/random/python/cq_v2
2026-10-05 14:38:40 код 1 · токен/тариф не отвечает даже на минимальный запрос — стоп
2026-10-05 14:50:28 нет в архиве: 2 (carv, edu)
2026-10-05 14:50:28 добор новичков: carv, edu
2026-10-05 14:51:00 код 1 · токен/тариф не отвечает даже на минимальный запрос — стоп
2026-10-05 14:51:00 данные по 2026-10-03, ждём 2026-10-04 (возраст 16.9 ч)
2026-10-05 14:51:00 дозабор, попытка 1: /Users/evgenijminko/Work/random/python/cryptoquant_fetch.py --update --journal /Users/evgenijminko/Work/random/python/output/leaders.json --out /Users/evgenijminko/Work/random/python/cq_v2
2026-10-05 14:51:31 код 1 · токен/тариф не отвечает даже на минимальный запрос — стоп
2026-10-05 15:08:40 дозабор, попытка 3: /Users/evgenijminko/Work/random/python/cryptoquant_fetch.py --update --journal /Users/evgenijminko/Work/random/python/output/leaders.json --out /Users/evgenijminko/Work/random/python/cq_v2
2026-10-05 15:09:11 код 1 · токен/тариф не отвечает даже на минимальный запрос — стоп
2026-10-05 15:21:31 дозабор, попытка 2: /Users/evgenijminko/Work/random/python/cryptoquant_fetch.py --update --journal /Users/evgenijminko/Work/random/python/output/leaders.json --out /Users/evgenijminko/Work/random/python/cq_v2
2026-10-05 15:21:36 код 1 · токен/тариф не отвечает даже на минимальный запрос — стоп
2026-10-05 15:28:41 нет в архиве: 2 (carv, edu)
2026-10-05 15:28:41 добор новичков: carv, edu
2026-10-05 15:28:48 код 1 · токен/тариф не отвечает даже на минимальный запрос — стоп
2026-10-05 15:28:48 данные по 2026-10-03, ждём 2026-10-04 (возраст 17.5 ч)
2026-10-05 15:28:48 дозабор, попытка 1: /Users/evgenijminko/Work/random/python/cryptoquant_fetch.py --update --journal /Users/evgenijminko/Work/random/python/output/leaders.json --out /Users/evgenijminko/Work/random/python/cq_v2
2026-10-05 15:28:54 код 1 · токен/тариф не отвечает даже на минимальный запрос — стоп
2026-10-05 15:51:36 дозабор, попытка 3: /Users/evgenijminko/Work/random/python/cryptoquant_fetch.py --update --journal /Users/evgenijminko/Work/random/python/output/leaders.json --out /Users/evgenijminko/Work/random/python/cq_v2
2026-10-05 15:51:38 код 1 · токен/тариф не отвечает даже на минимальный запрос — стоп
2026-10-05 15:58:54 дозабор, попытка 2: /Users/evgenijminko/Work/random/python/cryptoquant_fetch.py --update --journal /Users/evgenijminko/Work/random/python/output/leaders.json --out /Users/evgenijminko/Work/random/python/cq_v2
2026-10-05 15:58:56 код 1 · токен/тариф не отвечает даже на минимальный запрос — стоп
2026-10-05 16:13:37 нет в архиве: 2 (carv, edu)
2026-10-05 16:13:37 добор новичков: carv, edu
2026-10-05 16:13:39 код 1 · токен/тариф не отвечает даже на минимальный запрос — стоп
2026-10-05 16:13:39 данные по 2026-10-03, ждём 2026-10-04 (возраст 18.3 ч)
2026-10-05 16:13:39 дозабор, попытка 1: /Users/evgenijminko/Work/random/python/cryptoquant_fetch.py --update --journal /Users/evgenijminko/Work/random/python/output/leaders.json --out /Users/evgenijminko/Work/random/python/cq_v2
2026-10-05 16:13:44 код 1 · токен/тариф не отвечает даже на минимальный запрос — стоп
2026-10-05 16:28:56 дозабор, попытка 3: /Users/evgenijminko/Work/random/python/cryptoquant_fetch.py --update --journal /Users/evgenijminko/Work/random/python/output/leaders.json --out /Users/evgenijminko/Work/random/python/cq_v2
2026-10-05 16:28:58 код 1 · токен/тариф не отвечает даже на минимальный запрос — стоп
2026-10-05 16:43:44 дозабор, попытка 2: /Users/evgenijminko/Work/random/python/cryptoquant_fetch.py --update --journal /Users/evgenijminko/Work/random/python/output/leaders.json --out /Users/evgenijminko/Work/random/python/cq_v2
2026-10-05 16:43:49 код 1 · токен/тариф не отвечает даже на минимальный запрос — стоп
2026-10-05 17:13:49 дозабор, попытка 3: /Users/evgenijminko/Work/random/python/cryptoquant_fetch.py --update --journal /Users/evgenijminko/Work/random/python/output/leaders.json --out /Users/evgenijminko/Work/random/python/cq_v2
2026-10-05 17:13:50 код 1 · токен/тариф не отвечает даже на минимальный запрос — стоп
2026-10-05 17:21:02 нет в архиве: 2 (carv, edu)
2026-10-05 17:21:02 добор новичков: carv, edu
2026-10-05 17:21:03 код 1 · токен/тариф не отвечает даже на минимальный запрос — стоп
2026-10-05 17:21:03 данные по 2026-10-03, ждём 2026-10-04 (возраст 19.4 ч)
2026-10-05 17:21:03 дозабор, попытка 1: /Users/evgenijminko/Work/random/python/cryptoquant_fetch.py --update --journal /Users/evgenijminko/Work/random/python/output/leaders.json --out /Users/evgenijminko/Work/random/python/cq_v2
2026-10-05 17:21:04 код 1 · токен/тариф не отвечает даже на минимальный запрос — стоп
2026-10-05 17:51:05 дозабор, попытка 2: /Users/evgenijminko/Work/random/python/cryptoquant_fetch.py --update --journal /Users/evgenijminko/Work/random/python/output/leaders.json --out /Users/evgenijminko/Work/random/python/cq_v2
2026-10-05 17:51:07 код 1 · токен/тариф не отвечает даже на минимальный запрос — стоп
2026-10-05 18:03:45 нет в архиве: 2 (carv, edu)
2026-10-05 18:03:45 добор новичков: carv, edu
2026-10-05 18:03:46 код 1 · токен/тариф не отвечает даже на минимальный запрос — стоп
2026-10-05 18:03:46 данные по 2026-10-03, ждём 2026-10-04 (возраст 20.1 ч)
2026-10-05 18:03:46 дозабор, попытка 1: /Users/evgenijminko/Work/random/python/cryptoquant_fetch.py --update --journal /Users/evgenijminko/Work/random/python/output/leaders.json --out /Users/evgenijminko/Work/random/python/cq_v2
2026-10-05 18:03:48 код 1 · токен/тариф не отвечает даже на минимальный запрос — стоп
2026-10-05 18:21:06 дозабор, попытка 3: /Users/evgenijminko/Work/random/python/cryptoquant_fetch.py --update --journal /Users/evgenijminko/Work/random/python/output/leaders.json --out /Users/evgenijminko/Work/random/python/cq_v2
2026-10-05 18:21:08 код 1 · токен/тариф не отвечает даже на минимальный запрос — стоп
2026-10-05 18:33:47 дозабор, попытка 2: /Users/evgenijminko/Work/random/python/cryptoquant_fetch.py --update --journal /Users/evgenijminko/Work/random/python/output/leaders.json --out /Users/evgenijminko/Work/random/python/cq_v2
2026-10-05 18:33:49 код 1 · токен/тариф не отвечает даже на минимальный запрос — стоп
2026-10-05 18:43:57 нет в архиве: 2 (carv, edu)
2026-10-05 18:43:57 добор новичков: carv, edu
2026-10-05 18:43:58 код 1 · токен/тариф не отвечает даже на минимальный запрос — стоп
2026-10-05 18:43:58 данные по 2026-10-03, ждём 2026-10-04 (возраст 20.8 ч)
2026-10-05 18:43:58 дозабор, попытка 1: /Users/evgenijminko/Work/random/python/cryptoquant_fetch.py --update --journal /Users/evgenijminko/Work/random/python/output/leaders.json --out /Users/evgenijminko/Work/random/python/cq_v2
2026-10-05 18:43:59 код 1 · токен/тариф не отвечает даже на минимальный запрос — стоп
2026-10-05 19:03:49 дозабор, попытка 3: /Users/evgenijminko/Work/random/python/cryptoquant_fetch.py --update --journal /Users/evgenijminko/Work/random/python/output/leaders.json --out /Users/evgenijminko/Work/random/python/cq_v2
2026-10-05 19:03:54 код 1 · токен/тариф не отвечает даже на минимальный запрос — стоп
2026-10-05 19:13:59 дозабор, попытка 2: /Users/evgenijminko/Work/random/python/cryptoquant_fetch.py --update --journal /Users/evgenijminko/Work/random/python/output/leaders.json --out /Users/evgenijminko/Work/random/python/cq_v2
2026-10-05 19:14:01 код 1 · токен/тариф не отвечает даже на минимальный запрос — стоп
2026-10-05 19:44:00 дозабор, попытка 3: /Users/evgenijminko/Work/random/python/cryptoquant_fetch.py --update --journal /Users/evgenijminko/Work/random/python/output/leaders.json --out /Users/evgenijminko/Work/random/python/cq_v2
2026-10-05 19:44:02 код 1 · токен/тариф не отвечает даже на минимальный запрос — стоп
2026-10-05 19:47:13 нет в архиве: 2 (carv, edu)
2026-10-05 19:47:13 добор новичков: carv, edu
2026-10-05 19:47:14 код 1 · токен/тариф не отвечает даже на минимальный запрос — стоп
2026-10-05 19:47:14 данные по 2026-10-03, ждём 2026-10-04 (возраст 21.8 ч)
2026-10-05 19:47:14 дозабор, попытка 1: /Users/evgenijminko/Work/random/python/cryptoquant_fetch.py --update --journal /Users/evgenijminko/Work/random/python/output/leaders.json --out /Users/evgenijminko/Work/random/python/cq_v2
2026-10-05 19:47:15 код 1 · токен/тариф не отвечает даже на минимальный запрос — стоп
2026-10-05 20:17:15 дозабор, попытка 2: /Users/evgenijminko/Work/random/python/cryptoquant_fetch.py --update --journal /Users/evgenijminko/Work/random/python/output/leaders.json --out /Users/evgenijminko/Work/random/python/cq_v2
2026-10-05 20:17:16 код 1 · токен/тариф не отвечает даже на минимальный запрос — стоп
2026-10-05 20:24:03 нет в архиве: 2 (carv, edu)
2026-10-05 20:24:03 добор новичков: carv, edu
2026-10-05 20:24:05 код 1 · токен/тариф не отвечает даже на минимальный запрос — стоп
2026-10-05 20:24:05 данные по 2026-10-03, ждём 2026-10-04 (возраст 22.4 ч)
2026-10-05 20:24:05 дозабор, попытка 1: /Users/evgenijminko/Work/random/python/cryptoquant_fetch.py --update --journal /Users/evgenijminko/Work/random/python/output/leaders.json --out /Users/evgenijminko/Work/random/python/cq_v2
2026-10-05 20:24:06 код 1 · токен/тариф не отвечает даже на минимальный запрос — стоп
2026-10-05 20:47:16 дозабор, попытка 3: /Users/evgenijminko/Work/random/python/cryptoquant_fetch.py --update --journal /Users/evgenijminko/Work/random/python/output/leaders.json --out /Users/evgenijminko/Work/random/python/cq_v2
2026-10-05 20:47:18 код 1 · токен/тариф не отвечает даже на минимальный запрос — стоп
2026-10-05 20:54:06 дозабор, попытка 2: /Users/evgenijminko/Work/random/python/cryptoquant_fetch.py --update --journal /Users/evgenijminko/Work/random/python/output/leaders.json --out /Users/evgenijminko/Work/random/python/cq_v2
2026-10-05 20:54:07 код 1 · токен/тариф не отвечает даже на минимальный запрос — стоп
2026-10-05 21:00:12 нет в архиве: 2 (carv, edu)
2026-10-05 21:00:12 добор новичков: carv, edu
2026-10-05 21:00:14 код 1 · токен/тариф не отвечает даже на минимальный запрос — стоп
2026-10-05 21:00:14 данные по 2026-10-03, ждём 2026-10-04 (возраст 23.1 ч)
2026-10-05 21:00:14 дозабор, попытка 1: /Users/evgenijminko/Work/random/python/cryptoquant_fetch.py --update --journal /Users/evgenijminko/Work/random/python/output/leaders.json --out /Users/evgenijminko/Work/random/python/cq_v2
2026-10-05 21:00:15 код 1 · токен/тариф не отвечает даже на минимальный запрос — стоп
2026-10-05 21:24:07 дозабор, попытка 3: /Users/evgenijminko/Work/random/python/cryptoquant_fetch.py --update --journal /Users/evgenijminko/Work/random/python/output/leaders.json --out /Users/evgenijminko/Work/random/python/cq_v2
2026-10-05 21:24:08 код 1 · токен/тариф не отвечает даже на минимальный запрос — стоп
2026-10-05 21:30:15 дозабор, попытка 2: /Users/evgenijminko/Work/random/python/cryptoquant_fetch.py --update --journal /Users/evgenijminko/Work/random/python/output/leaders.json --out /Users/evgenijminko/Work/random/python/cq_v2
2026-10-05 21:30:16 код 1 · токен/тариф не отвечает даже на минимальный запрос — стоп
2026-10-05 21:44:05 нет в архиве: 2 (carv, edu)
2026-10-05 21:44:05 добор новичков: carv, edu
2026-10-05 21:44:07 код 1 · токен/тариф не отвечает даже на минимальный запрос — стоп
2026-10-05 21:44:07 данные по 2026-10-03, ждём 2026-10-04 (возраст 23.8 ч)
2026-10-05 21:44:07 дозабор, попытка 1: /Users/evgenijminko/Work/random/python/cryptoquant_fetch.py --update --journal /Users/evgenijminko/Work/random/python/output/leaders.json --out /Users/evgenijminko/Work/random/python/cq_v2
2026-10-05 21:44:08 код 1 · токен/тариф не отвечает даже на минимальный запрос — стоп
2026-10-05 22:00:16 дозабор, попытка 3: /Users/evgenijminko/Work/random/python/cryptoquant_fetch.py --update --journal /Users/evgenijminko/Work/random/python/output/leaders.json --out /Users/evgenijminko/Work/random/python/cq_v2
2026-10-05 22:00:17 код 1 · токен/тариф не отвечает даже на минимальный запрос — стоп
2026-10-05 22:14:08 дозабор, попытка 2: /Users/evgenijminko/Work/random/python/cryptoquant_fetch.py --update --journal /Users/evgenijminko/Work/random/python/output/leaders.json --out /Users/evgenijminko/Work/random/python/cq_v2
2026-10-05 22:14:09 код 1 · токен/тариф не отвечает даже на минимальный запрос — стоп
2026-10-05 22:44:10 дозабор, попытка 3: /Users/evgenijminko/Work/random/python/cryptoquant_fetch.py --update --journal /Users/evgenijminko/Work/random/python/output/leaders.json --out /Users/evgenijminko/Work/random/python/cq_v2
2026-10-05 22:44:11 код 1 · токен/тариф не отвечает даже на минимальный запрос — стоп
2026-10-05 22:54:25 нет в архиве: 2 (carv, edu)
2026-10-05 22:54:25 добор новичков: carv, edu
2026-10-05 22:54:27 код 1 · токен/тариф не отвечает даже на минимальный запрос — стоп
2026-10-05 22:54:27 данные по 2026-10-03, ждём 2026-10-04 (возраст 25.0 ч)
2026-10-05 22:54:27 дозабор, попытка 1: /Users/evgenijminko/Work/random/python/cryptoquant_fetch.py --update --journal /Users/evgenijminko/Work/random/python/output/leaders.json --out /Users/evgenijminko/Work/random/python/cq_v2
2026-10-05 22:54:28 код 1 · токен/тариф не отвечает даже на минимальный запрос — стоп
2026-10-05 23:24:28 дозабор, попытка 2: /Users/evgenijminko/Work/random/python/cryptoquant_fetch.py --update --journal /Users/evgenijminko/Work/random/python/output/leaders.json --out /Users/evgenijminko/Work/random/python/cq_v2
2026-10-05 23:24:29 код 1 · токен/тариф не отвечает даже на минимальный запрос — стоп
2026-10-05 23:33:08 нет в архиве: 2 (carv, edu)
2026-10-05 23:33:08 добор новичков: carv, edu
2026-10-05 23:33:09 код 1 · токен/тариф не отвечает даже на минимальный запрос — стоп
2026-10-05 23:33:09 данные по 2026-10-03, ждём 2026-10-04 (возраст 25.6 ч)
2026-10-05 23:33:09 дозабор, попытка 1: /Users/evgenijminko/Work/random/python/cryptoquant_fetch.py --update --journal /Users/evgenijminko/Work/random/python/output/leaders.json --out /Users/evgenijminko/Work/random/python/cq_v2
2026-10-05 23:33:11 код 1 · токен/тариф не отвечает даже на минимальный запрос — стоп
2026-10-05 23:54:29 дозабор, попытка 3: /Users/evgenijminko/Work/random/python/cryptoquant_fetch.py --update --journal /Users/evgenijminko/Work/random/python/output/leaders.json --out /Users/evgenijminko/Work/random/python/cq_v2
2026-10-05 23:54:31 код 1 · токен/тариф не отвечает даже на минимальный запрос — стоп
2026-10-06 00:03:11 дозабор, попытка 2: /Users/evgenijminko/Work/random/python/cryptoquant_fetch.py --update --journal /Users/evgenijminko/Work/random/python/output/leaders.json --out /Users/evgenijminko/Work/random/python/cq_v2
2026-10-06 00:03:13 код 1 · токен/тариф не отвечает даже на минимальный запрос — стоп
2026-10-06 00:19:16 нет в архиве: 2 (carv, edu)
2026-10-06 00:19:16 добор новичков: carv, edu
2026-10-06 00:19:17 код 1 · токен/тариф не отвечает даже на минимальный запрос — стоп
2026-10-06 00:19:17 данные по 2026-10-03, ждём 2026-10-04 (возраст 26.4 ч)
2026-10-06 00:19:17 дозабор, попытка 1: /Users/evgenijminko/Work/random/python/cryptoquant_fetch.py --update --journal /Users/evgenijminko/Work/random/python/output/leaders.json --out /Users/evgenijminko/Work/random/python/cq_v2
2026-10-06 00:19:18 код 1 · токен/тариф не отвечает даже на минимальный запрос — стоп
2026-10-06 00:33:12 дозабор, попытка 3: /Users/evgenijminko/Work/random/python/cryptoquant_fetch.py --update --journal /Users/evgenijminko/Work/random/python/output/leaders.json --out /Users/evgenijminko/Work/random/python/cq_v2
2026-10-06 00:33:14 код 1 · токен/тариф не отвечает даже на минимальный запрос — стоп
2026-10-06 00:49:18 дозабор, попытка 2: /Users/evgenijminko/Work/random/python/cryptoquant_fetch.py --update --journal /Users/evgenijminko/Work/random/python/output/leaders.json --out /Users/evgenijminko/Work/random/python/cq_v2
2026-10-06 00:49:20 код 1 · токен/тариф не отвечает даже на минимальный запрос — стоп
2026-10-06 01:19:20 дозабор, попытка 3: /Users/evgenijminko/Work/random/python/cryptoquant_fetch.py --update --journal /Users/evgenijminko/Work/random/python/output/leaders.json --out /Users/evgenijminko/Work/random/python/cq_v2
2026-10-06 01:19:21 код 1 · токен/тариф не отвечает даже на минимальный запрос — стоп
2026-10-06 01:36:44 нет в архиве: 2 (carv, edu)
2026-10-06 01:36:44 добор новичков: carv, edu
2026-10-06 01:36:46 код 1 · токен/тариф не отвечает даже на минимальный запрос — стоп
2026-10-06 01:36:46 данные по 2026-10-03, ждём 2026-10-05 (возраст 27.7 ч)
2026-10-06 01:36:46 дозабор, попытка 1: /Users/evgenijminko/Work/random/python/cryptoquant_fetch.py --update --journal /Users/evgenijminko/Work/random/python/output/leaders.json --out /Users/evgenijminko/Work/random/python/cq_v2
2026-10-06 01:36:47 код 1 · токен/тариф не отвечает даже на минимальный запрос — стоп
2026-10-06 02:06:48 дозабор, попытка 2: /Users/evgenijminko/Work/random/python/cryptoquant_fetch.py --update --journal /Users/evgenijminko/Work/random/python/output/leaders.json --out /Users/evgenijminko/Work/random/python/cq_v2
2026-10-06 02:06:49 код 1 · токен/тариф не отвечает даже на минимальный запрос — стоп
2026-10-06 02:20:18 нет в архиве: 3 (carv, edu, rlc)
2026-10-06 02:20:18 добор новичков: carv, edu, rlc
2026-10-06 02:20:19 код 1 · токен/тариф не отвечает даже на минимальный запрос — стоп
2026-10-06 02:20:19 данные по 2026-10-03, ждём 2026-10-05 (возраст 28.4 ч)
2026-10-06 02:20:19 дозабор, попытка 1: /Users/evgenijminko/Work/random/python/cryptoquant_fetch.py --update --journal /Users/evgenijminko/Work/random/python/output/leaders.json --out /Users/evgenijminko/Work/random/python/cq_v2
2026-10-06 02:20:20 код 1 · токен/тариф не отвечает даже на минимальный запрос — стоп
2026-10-06 02:36:49 дозабор, попытка 3: /Users/evgenijminko/Work/random/python/cryptoquant_fetch.py --update --journal /Users/evgenijminko/Work/random/python/output/leaders.json --out /Users/evgenijminko/Work/random/python/cq_v2
2026-10-06 02:36:51 код 1 · токен/тариф не отвечает даже на минимальный запрос — стоп
2026-10-06 02:50:20 дозабор, попытка 2: /Users/evgenijminko/Work/random/python/cryptoquant_fetch.py --update --journal /Users/evgenijminko/Work/random/python/output/leaders.json --out /Users/evgenijminko/Work/random/python/cq_v2
2026-10-06 02:50:22 код 1 · токен/тариф не отвечает даже на минимальный запрос — стоп
2026-10-06 02:59:52 нет в архиве: 3 (carv, edu, rlc)
2026-10-06 02:59:52 добор новичков: carv, edu, rlc
2026-10-06 02:59:53 код 1 · токен/тариф не отвечает даже на минимальный запрос — стоп
2026-10-06 02:59:53 данные по 2026-10-03, ждём 2026-10-05 (возраст 29.0 ч)
2026-10-06 02:59:53 дозабор, попытка 1: /Users/evgenijminko/Work/random/python/cryptoquant_fetch.py --update --journal /Users/evgenijminko/Work/random/python/output/leaders.json --out /Users/evgenijminko/Work/random/python/cq_v2
2026-10-06 02:59:54 код 1 · токен/тариф не отвечает даже на минимальный запрос — стоп
2026-10-06 03:20:22 дозабор, попытка 3: /Users/evgenijminko/Work/random/python/cryptoquant_fetch.py --update --journal /Users/evgenijminko/Work/random/python/output/leaders.json --out /Users/evgenijminko/Work/random/python/cq_v2
2026-10-06 03:20:23 код 1 · токен/тариф не отвечает даже на минимальный запрос — стоп
2026-10-06 03:29:55 дозабор, попытка 2: /Users/evgenijminko/Work/random/python/cryptoquant_fetch.py --update --journal /Users/evgenijminko/Work/random/python/output/leaders.json --out /Users/evgenijminko/Work/random/python/cq_v2
2026-10-06 03:29:56 код 1 · токен/тариф не отвечает даже на минимальный запрос — стоп
2026-10-06 03:35:57 нет в архиве: 3 (carv, edu, rlc)
2026-10-06 03:35:57 добор новичков: carv, edu, rlc
2026-10-06 03:35:59 код 1 · токен/тариф не отвечает даже на минимальный запрос — стоп
2026-10-06 03:35:59 данные по 2026-10-03, ждём 2026-10-05 (возраст 29.6 ч)
2026-10-06 03:35:59 дозабор, попытка 1: /Users/evgenijminko/Work/random/python/cryptoquant_fetch.py --update --journal /Users/evgenijminko/Work/random/python/output/leaders.json --out /Users/evgenijminko/Work/random/python/cq_v2
2026-10-06 03:36:00 код 1 · токен/тариф не отвечает даже на минимальный запрос — стоп
2026-10-06 03:59:56 дозабор, попытка 3: /Users/evgenijminko/Work/random/python/cryptoquant_fetch.py --update --journal /Users/evgenijminko/Work/random/python/output/leaders.json --out /Users/evgenijminko/Work/random/python/cq_v2
2026-10-06 03:59:57 код 1 · токен/тариф не отвечает даже на минимальный запрос — стоп
2026-10-06 04:06:00 дозабор, попытка 2: /Users/evgenijminko/Work/random/python/cryptoquant_fetch.py --update --journal /Users/evgenijminko/Work/random/python/output/leaders.json --out /Users/evgenijminko/Work/random/python/cq_v2
2026-10-06 04:06:02 код 1 · токен/тариф не отвечает даже на минимальный запрос — стоп
2026-10-06 04:18:26 нет в архиве: 3 (carv, edu, rlc)
2026-10-06 04:18:26 добор новичков: carv, edu, rlc
2026-10-06 04:18:28 код 1 · токен/тариф не отвечает даже на минимальный запрос — стоп
2026-10-06 04:18:28 данные по 2026-10-03, ждём 2026-10-05 (возраст 30.4 ч)
2026-10-06 04:18:28 дозабор, попытка 1: /Users/evgenijminko/Work/random/python/cryptoquant_fetch.py --update --journal /Users/evgenijminko/Work/random/python/output/leaders.json --out /Users/evgenijminko/Work/random/python/cq_v2
2026-10-06 04:18:29 код 1 · токен/тариф не отвечает даже на минимальный запрос — стоп
2026-10-06 04:36:02 дозабор, попытка 3: /Users/evgenijminko/Work/random/python/cryptoquant_fetch.py --update --journal /Users/evgenijminko/Work/random/python/output/leaders.json --out /Users/evgenijminko/Work/random/python/cq_v2
2026-10-06 04:36:03 код 1 · токен/тариф не отвечает даже на минимальный запрос — стоп
2026-10-06 04:48:29 дозабор, попытка 2: /Users/evgenijminko/Work/random/python/cryptoquant_fetch.py --update --journal /Users/evgenijminko/Work/random/python/output/leaders.json --out /Users/evgenijminko/Work/random/python/cq_v2
2026-10-06 04:48:31 код 1 · токен/тариф не отвечает даже на минимальный запрос — стоп
2026-10-06 04:54:37 нет в архиве: 4 (carv, edu, rlc, ygg)
2026-10-06 04:54:37 добор новичков: carv, edu, rlc, ygg
2026-10-06 04:54:38 код 1 · токен/тариф не отвечает даже на минимальный запрос — стоп
2026-10-06 04:54:38 данные по 2026-10-03, ждём 2026-10-05 (возраст 31.0 ч)
2026-10-06 04:54:38 дозабор, попытка 1: /Users/evgenijminko/Work/random/python/cryptoquant_fetch.py --update --journal /Users/evgenijminko/Work/random/python/output/leaders.json --out /Users/evgenijminko/Work/random/python/cq_v2
2026-10-06 04:54:39 код 1 · токен/тариф не отвечает даже на минимальный запрос — стоп
2026-10-06 05:18:31 дозабор, попытка 3: /Users/evgenijminko/Work/random/python/cryptoquant_fetch.py --update --journal /Users/evgenijminko/Work/random/python/output/leaders.json --out /Users/evgenijminko/Work/random/python/cq_v2
2026-10-06 05:18:32 код 1 · токен/тариф не отвечает даже на минимальный запрос — стоп
2026-10-06 05:24:40 дозабор, попытка 2: /Users/evgenijminko/Work/random/python/cryptoquant_fetch.py --update --journal /Users/evgenijminko/Work/random/python/output/leaders.json --out /Users/evgenijminko/Work/random/python/cq_v2
2026-10-06 05:24:41 код 1 · токен/тариф не отвечает даже на минимальный запрос — стоп
2026-10-06 05:31:47 нет в архиве: 4 (carv, edu, rlc, ygg)
2026-10-06 05:31:47 добор новичков: carv, edu, rlc, ygg
2026-10-06 05:31:48 код 1 · токен/тариф не отвечает даже на минимальный запрос — стоп
2026-10-06 05:31:48 данные по 2026-10-03, ждём 2026-10-05 (возраст 31.6 ч)
2026-10-06 05:31:48 дозабор, попытка 1: /Users/evgenijminko/Work/random/python/cryptoquant_fetch.py --update --journal /Users/evgenijminko/Work/random/python/output/leaders.json --out /Users/evgenijminko/Work/random/python/cq_v2
2026-10-06 05:31:49 код 1 · токен/тариф не отвечает даже на минимальный запрос — стоп
2026-10-06 05:54:41 дозабор, попытка 3: /Users/evgenijminko/Work/random/python/cryptoquant_fetch.py --update --journal /Users/evgenijminko/Work/random/python/output/leaders.json --out /Users/evgenijminko/Work/random/python/cq_v2
2026-10-06 05:54:43 код 1 · токен/тариф не отвечает даже на минимальный запрос — стоп
2026-10-06 06:01:49 дозабор, попытка 2: /Users/evgenijminko/Work/random/python/cryptoquant_fetch.py --update --journal /Users/evgenijminko/Work/random/python/output/leaders.json --out /Users/evgenijminko/Work/random/python/cq_v2
2026-10-06 06:01:51 код 1 · токен/тариф не отвечает даже на минимальный запрос — стоп
2026-10-06 06:13:30 нет в архиве: 4 (carv, edu, rlc, ygg)
2026-10-06 06:13:30 добор новичков: carv, edu, rlc, ygg
2026-10-06 06:13:32 код 1 · токен/тариф не отвечает даже на минимальный запрос — стоп
2026-10-06 06:13:32 данные по 2026-10-03, ждём 2026-10-05 (возраст 32.3 ч)
2026-10-06 06:13:32 дозабор, попытка 1: /Users/evgenijminko/Work/random/python/cryptoquant_fetch.py --update --journal /Users/evgenijminko/Work/random/python/output/leaders.json --out /Users/evgenijminko/Work/random/python/cq_v2
2026-10-06 06:13:33 код 1 · токен/тариф не отвечает даже на минимальный запрос — стоп
2026-10-06 06:31:51 дозабор, попытка 3: /Users/evgenijminko/Work/random/python/cryptoquant_fetch.py --update --journal /Users/evgenijminko/Work/random/python/output/leaders.json --out /Users/evgenijminko/Work/random/python/cq_v2
2026-10-06 06:31:52 код 1 · токен/тариф не отвечает даже на минимальный запрос — стоп
2026-10-06 06:43:33 дозабор, попытка 2: /Users/evgenijminko/Work/random/python/cryptoquant_fetch.py --update --journal /Users/evgenijminko/Work/random/python/output/leaders.json --out /Users/evgenijminko/Work/random/python/cq_v2
2026-10-06 06:43:34 код 1 · токен/тариф не отвечает даже на минимальный запрос — стоп
2026-10-06 07:13:34 дозабор, попытка 3: /Users/evgenijminko/Work/random/python/cryptoquant_fetch.py --update --journal /Users/evgenijminko/Work/random/python/output/leaders.json --out /Users/evgenijminko/Work/random/python/cq_v2
2026-10-06 07:13:36 код 1 · токен/тариф не отвечает даже на минимальный запрос — стоп
2026-10-06 07:22:11 нет в архиве: 4 (carv, edu, rlc, ygg)
2026-10-06 07:22:11 добор новичков: carv, edu, rlc, ygg
2026-10-06 07:22:17 код 1 · токен/тариф не отвечает даже на минимальный запрос — стоп
2026-10-06 07:22:17 данные по 2026-10-03, ждём 2026-10-05 (возраст 33.4 ч)
2026-10-06 07:22:17 дозабор, попытка 1: /Users/evgenijminko/Work/random/python/cryptoquant_fetch.py --update --journal /Users/evgenijminko/Work/random/python/output/leaders.json --out /Users/evgenijminko/Work/random/python/cq_v2
2026-10-06 07:22:18 код 1 · токен/тариф не отвечает даже на минимальный запрос — стоп
2026-10-06 07:52:18 дозабор, попытка 2: /Users/evgenijminko/Work/random/python/cryptoquant_fetch.py --update --journal /Users/evgenijminko/Work/random/python/output/leaders.json --out /Users/evgenijminko/Work/random/python/cq_v2
2026-10-06 07:52:20 код 1 · токен/тариф не отвечает даже на минимальный запрос — стоп
2026-10-06 08:01:08 нет в архиве: 4 (carv, edu, rlc, ygg)
2026-10-06 08:01:08 добор новичков: carv, edu, rlc, ygg
2026-10-06 08:01:39 код 1 · токен/тариф не отвечает даже на минимальный запрос — стоп
2026-10-06 08:01:39 данные по 2026-10-03, ждём 2026-10-05 (возраст 34.1 ч)
2026-10-06 08:01:39 дозабор, попытка 1: /Users/evgenijminko/Work/random/python/cryptoquant_fetch.py --update --journal /Users/evgenijminko/Work/random/python/output/leaders.json --out /Users/evgenijminko/Work/random/python/cq_v2
2026-10-06 08:02:10 код 1 · токен/тариф не отвечает даже на минимальный запрос — стоп
2026-10-06 08:22:21 дозабор, попытка 3: /Users/evgenijminko/Work/random/python/cryptoquant_fetch.py --update --journal /Users/evgenijminko/Work/random/python/output/leaders.json --out /Users/evgenijminko/Work/random/python/cq_v2
2026-10-06 08:22:21 код 1 · токен/тариф не отвечает даже на минимальный запрос — стоп
2026-10-06 08:32:10 дозабор, попытка 2: /Users/evgenijminko/Work/random/python/cryptoquant_fetch.py --update --journal /Users/evgenijminko/Work/random/python/output/leaders.json --out /Users/evgenijminko/Work/random/python/cq_v2
2026-10-06 08:32:40 код 1 · токен/тариф не отвечает даже на минимальный запрос — стоп
2026-10-06 08:38:02 нет в архиве: 5 (band, carv, edu, rlc, ygg)
2026-10-06 08:38:02 добор новичков: band, carv, edu, rlc, ygg
2026-10-06 08:38:32 код 1 · токен/тариф не отвечает даже на минимальный запрос — стоп
2026-10-06 08:38:32 данные по 2026-10-03, ждём 2026-10-05 (возраст 34.7 ч)
2026-10-06 08:38:32 дозабор, попытка 1: /Users/evgenijminko/Work/random/python/cryptoquant_fetch.py --update --journal /Users/evgenijminko/Work/random/python/output/leaders.json --out /Users/evgenijminko/Work/random/python/cq_v2
2026-10-06 08:39:03 код 1 · токен/тариф не отвечает даже на минимальный запрос — стоп
2026-10-06 08:56:08 нет в архиве: 5 (band, carv, edu, rlc, ygg)
2026-10-06 08:56:08 добор новичков: band, carv, edu, rlc, ygg
2026-10-06 08:56:09 код 1 · токен/тариф не отвечает даже на минимальный запрос — стоп
2026-10-06 08:56:09 данные по 2026-10-03, ждём 2026-10-05 (возраст 35.0 ч)
2026-10-06 08:56:09 дозабор, попытка 1: /Users/evgenijminko/Work/random/python/cryptoquant_fetch.py --update --journal /Users/evgenijminko/Work/random/python/output/leaders.json --out /Users/evgenijminko/Work/random/python/cq_v2
2026-10-06 08:56:09 код 1 · токен/тариф не отвечает даже на минимальный запрос — стоп
2026-10-06 09:26:09 дозабор, попытка 2: /Users/evgenijminko/Work/random/python/cryptoquant_fetch.py --update --journal /Users/evgenijminko/Work/random/python/output/leaders.json --out /Users/evgenijminko/Work/random/python/cq_v2
2026-10-06 09:26:10 код 1 · токен/тариф не отвечает даже на минимальный запрос — стоп
2026-10-06 09:32:26 нет в архиве: 5 (band, carv, edu, rlc, ygg)
2026-10-06 09:32:26 добор новичков: band, carv, edu, rlc, ygg
2026-10-06 09:32:27 код 1 · токен/тариф не отвечает даже на минимальный запрос — стоп
2026-10-06 09:32:27 данные по 2026-10-03, ждём 2026-10-05 (возраст 35.6 ч)
2026-10-06 09:32:27 дозабор, попытка 1: /Users/evgenijminko/Work/random/python/cryptoquant_fetch.py --update --journal /Users/evgenijminko/Work/random/python/output/leaders.json --out /Users/evgenijminko/Work/random/python/cq_v2
2026-10-06 09:32:27 код 1 · токен/тариф не отвечает даже на минимальный запрос — стоп
2026-10-06 09:56:10 дозабор, попытка 3: /Users/evgenijminko/Work/random/python/cryptoquant_fetch.py --update --journal /Users/evgenijminko/Work/random/python/output/leaders.json --out /Users/evgenijminko/Work/random/python/cq_v2
2026-10-06 09:56:10 код 1 · токен/тариф не отвечает даже на минимальный запрос — стоп
2026-10-06 10:02:27 дозабор, попытка 2: /Users/evgenijminko/Work/random/python/cryptoquant_fetch.py --update --journal /Users/evgenijminko/Work/random/python/output/leaders.json --out /Users/evgenijminko/Work/random/python/cq_v2
2026-10-06 10:02:28 код 1 · токен/тариф не отвечает даже на минимальный запрос — стоп
2026-10-06 10:14:37 нет в архиве: 5 (band, carv, edu, rlc, ygg)
2026-10-06 10:14:37 добор новичков: band, carv, edu, rlc, ygg
2026-10-06 10:15:07 код 1 · токен/тариф не отвечает даже на минимальный запрос — стоп
2026-10-06 10:15:07 данные по 2026-10-03, ждём 2026-10-05 (возраст 36.3 ч)
2026-10-06 10:15:07 дозабор, попытка 1: /Users/evgenijminko/Work/random/python/cryptoquant_fetch.py --update --journal /Users/evgenijminko/Work/random/python/output/leaders.json --out /Users/evgenijminko/Work/random/python/cq_v2
2026-10-06 10:15:38 код 1 · токен/тариф не отвечает даже на минимальный запрос — стоп
2026-10-06 10:32:28 дозабор, попытка 3: /Users/evgenijminko/Work/random/python/cryptoquant_fetch.py --update --journal /Users/evgenijminko/Work/random/python/output/leaders.json --out /Users/evgenijminko/Work/random/python/cq_v2
2026-10-06 10:32:29 код 1 · токен/тариф не отвечает даже на минимальный запрос — стоп
2026-10-06 10:45:38 дозабор, попытка 2: /Users/evgenijminko/Work/random/python/cryptoquant_fetch.py --update --journal /Users/evgenijminko/Work/random/python/output/leaders.json --out /Users/evgenijminko/Work/random/python/cq_v2
2026-10-06 10:45:39 код 1 · токен/тариф не отвечает даже на минимальный запрос — стоп
2026-10-06 11:15:39 дозабор, попытка 3: /Users/evgenijminko/Work/random/python/cryptoquant_fetch.py --update --journal /Users/evgenijminko/Work/random/python/output/leaders.json --out /Users/evgenijminko/Work/random/python/cq_v2
2026-10-06 11:15:40 код 1 · токен/тариф не отвечает даже на минимальный запрос — стоп
2026-10-06 12:07:12 нет в архиве: 5 (band, carv, edu, rlc, ygg)
2026-10-06 12:07:12 добор новичков: band, carv, edu, rlc, ygg
2026-10-06 12:07:13 код 1 · токен/тариф не отвечает даже на минимальный запрос — стоп
2026-10-06 12:07:13 данные по 2026-10-03, ждём 2026-10-05 (возраст 38.2 ч)
2026-10-06 12:07:13 дозабор, попытка 1: /Users/evgenijminko/Work/random/python/cryptoquant_fetch.py --update --journal /Users/evgenijminko/Work/random/python/output/leaders.json --out /Users/evgenijminko/Work/random/python/cq_v2
2026-10-06 12:07:13 код 1 · токен/тариф не отвечает даже на минимальный запрос — стоп
2026-10-06 12:37:13 дозабор, попытка 2: /Users/evgenijminko/Work/random/python/cryptoquant_fetch.py --update --journal /Users/evgenijminko/Work/random/python/output/leaders.json --out /Users/evgenijminko/Work/random/python/cq_v2
2026-10-06 12:37:44 код 1 · токен/тариф не отвечает даже на минимальный запрос — стоп
2026-10-06 12:52:14 нет в архиве: 6 (band, carv, dia, edu, rlc, ygg)
2026-10-06 12:52:14 добор новичков: band, carv, dia, edu, rlc, ygg
2026-10-06 12:52:44 код 1 · токен/тариф не отвечает даже на минимальный запрос — стоп
2026-10-06 12:52:44 данные по 2026-10-03, ждём 2026-10-05 (возраст 38.9 ч)
2026-10-06 12:52:44 дозабор, попытка 1: /Users/evgenijminko/Work/random/python/cryptoquant_fetch.py --update --journal /Users/evgenijminko/Work/random/python/output/leaders.json --out /Users/evgenijminko/Work/random/python/cq_v2
2026-10-06 12:53:15 код 1 · токен/тариф не отвечает даже на минимальный запрос — стоп
2026-10-06 13:34:05 дозабор, попытка 3: /Users/evgenijminko/Work/random/python/cryptoquant_fetch.py --update --journal /Users/evgenijminko/Work/random/python/output/leaders.json --out /Users/evgenijminko/Work/random/python/cq_v2
2026-10-06 13:34:35 код 1 · токен/тариф не отвечает даже на минимальный запрос — стоп
2026-10-06 13:49:36 дозабор, попытка 2: /Users/evgenijminko/Work/random/python/cryptoquant_fetch.py --update --journal /Users/evgenijminko/Work/random/python/output/leaders.json --out /Users/evgenijminko/Work/random/python/cq_v2
2026-10-06 13:49:36 код 1 · токен/тариф не отвечает даже на минимальный запрос — стоп
2026-10-06 14:19:36 дозабор, попытка 3: /Users/evgenijminko/Work/random/python/cryptoquant_fetch.py --update --journal /Users/evgenijminko/Work/random/python/output/leaders.json --out /Users/evgenijminko/Work/random/python/cq_v2
2026-10-06 14:20:07 код 1 · токен/тариф не отвечает даже на минимальный запрос — стоп
2026-10-06 14:26:00 нет в архиве: 6 (band, carv, dia, edu, rlc, ygg)
2026-10-06 14:26:00 добор новичков: band, carv, dia, edu, rlc, ygg
2026-10-06 14:26:31 код 1 · токен/тариф не отвечает даже на минимальный запрос — стоп
2026-10-06 14:26:31 данные по 2026-10-03, ждём 2026-10-05 (возраст 40.5 ч)
2026-10-06 14:26:31 дозабор, попытка 1: /Users/evgenijminko/Work/random/python/cryptoquant_fetch.py --update --journal /Users/evgenijminko/Work/random/python/output/leaders.json --out /Users/evgenijminko/Work/random/python/cq_v2
2026-10-06 14:27:01 код 1 · токен/тариф не отвечает даже на минимальный запрос — стоп
2026-10-06 14:57:01 дозабор, попытка 2: /Users/evgenijminko/Work/random/python/cryptoquant_fetch.py --update --journal /Users/evgenijminko/Work/random/python/output/leaders.json --out /Users/evgenijminko/Work/random/python/cq_v2
2026-10-06 14:57:32 код 1 · токен/тариф не отвечает даже на минимальный запрос — стоп
2026-10-06 15:06:24 нет в архиве: 6 (band, carv, dia, edu, rlc, ygg)
2026-10-06 15:06:24 добор новичков: band, carv, dia, edu, rlc, ygg
2026-10-06 15:06:55 код 1 · токен/тариф не отвечает даже на минимальный запрос — стоп
2026-10-06 15:06:55 данные по 2026-10-03, ждём 2026-10-05 (возраст 41.2 ч)
2026-10-06 15:06:55 дозабор, попытка 1: /Users/evgenijminko/Work/random/python/cryptoquant_fetch.py --update --journal /Users/evgenijminko/Work/random/python/output/leaders.json --out /Users/evgenijminko/Work/random/python/cq_v2
2026-10-06 15:07:25 код 1 · токен/тариф не отвечает даже на минимальный запрос — стоп
2026-10-06 15:30:06 нет в архиве: 6 (band, carv, dia, edu, rlc, ygg)
2026-10-06 15:30:06 добор новичков: band, carv, dia, edu, rlc, ygg
2026-10-06 15:30:37 код 1 · токен/тариф не отвечает даже на минимальный запрос — стоп
2026-10-06 15:30:37 данные по 2026-10-03, ждём 2026-10-05 (возраст 41.6 ч)
2026-10-06 15:30:37 дозабор, попытка 1: /Users/evgenijminko/Work/random/python/cryptoquant_fetch.py --update --journal /Users/evgenijminko/Work/random/python/output/leaders.json --out /Users/evgenijminko/Work/random/python/cq_v2
2026-10-06 15:31:07 код 1 · токен/тариф не отвечает даже на минимальный запрос — стоп
2026-10-06 16:01:07 дозабор, попытка 2: /Users/evgenijminko/Work/random/python/cryptoquant_fetch.py --update --journal /Users/evgenijminko/Work/random/python/output/leaders.json --out /Users/evgenijminko/Work/random/python/cq_v2
2026-10-06 16:01:13 код 1 · токен/тариф не отвечает даже на минимальный запрос — стоп
2026-10-06 16:08:26 нет в архиве: 7 (band, carv, dia, edu, orca, rlc, ygg)
2026-10-06 16:08:26 добор новичков: band, carv, dia, edu, orca, rlc, ygg
2026-10-06 16:08:28 код 1 · токен/тариф не отвечает даже на минимальный запрос — стоп
2026-10-06 16:08:28 данные по 2026-10-03, ждём 2026-10-05 (возраст 42.2 ч)
2026-10-06 16:08:28 дозабор, попытка 1: /Users/evgenijminko/Work/random/python/cryptoquant_fetch.py --update --journal /Users/evgenijminko/Work/random/python/output/leaders.json --out /Users/evgenijminko/Work/random/python/cq_v2
2026-10-06 16:08:31 код 1 · токен/тариф не отвечает даже на минимальный запрос — стоп
2026-10-06 16:31:13 дозабор, попытка 3: /Users/evgenijminko/Work/random/python/cryptoquant_fetch.py --update --journal /Users/evgenijminko/Work/random/python/output/leaders.json --out /Users/evgenijminko/Work/random/python/cq_v2
2026-10-06 16:31:15 код 1 · токен/тариф не отвечает даже на минимальный запрос — стоп
2026-10-06 16:38:31 дозабор, попытка 2: /Users/evgenijminko/Work/random/python/cryptoquant_fetch.py --update --journal /Users/evgenijminko/Work/random/python/output/leaders.json --out /Users/evgenijminko/Work/random/python/cq_v2
2026-10-06 16:38:33 код 1 · токен/тариф не отвечает даже на минимальный запрос — стоп
2026-10-06 16:50:36 нет в архиве: 7 (band, carv, dia, edu, orca, rlc, ygg)
2026-10-06 16:50:36 добор новичков: band, carv, dia, edu, orca, rlc, ygg
2026-10-06 16:50:38 код 1 · токен/тариф не отвечает даже на минимальный запрос — стоп
2026-10-06 16:50:38 данные по 2026-10-03, ждём 2026-10-05 (возраст 42.9 ч)
2026-10-06 16:50:38 дозабор, попытка 1: /Users/evgenijminko/Work/random/python/cryptoquant_fetch.py --update --journal /Users/evgenijminko/Work/random/python/output/leaders.json --out /Users/evgenijminko/Work/random/python/cq_v2
2026-10-06 16:50:40 код 1 · токен/тариф не отвечает даже на минимальный запрос — стоп
2026-10-06 17:08:33 дозабор, попытка 3: /Users/evgenijminko/Work/random/python/cryptoquant_fetch.py --update --journal /Users/evgenijminko/Work/random/python/output/leaders.json --out /Users/evgenijminko/Work/random/python/cq_v2
2026-10-06 17:08:35 код 1 · токен/тариф не отвечает даже на минимальный запрос — стоп
2026-10-06 17:20:40 дозабор, попытка 2: /Users/evgenijminko/Work/random/python/cryptoquant_fetch.py --update --journal /Users/evgenijminko/Work/random/python/output/leaders.json --out /Users/evgenijminko/Work/random/python/cq_v2
2026-10-06 17:20:42 код 1 · токен/тариф не отвечает даже на минимальный запрос — стоп
2026-10-06 17:29:29 нет в архиве: 7 (band, carv, dia, edu, orca, rlc, ygg)
2026-10-06 17:29:29 добор новичков: band, carv, dia, edu, orca, rlc, ygg
2026-10-06 17:29:30 код 1 · токен/тариф не отвечает даже на минимальный запрос — стоп
2026-10-06 17:29:30 данные по 2026-10-03, ждём 2026-10-05 (возраст 43.5 ч)
2026-10-06 17:29:30 дозабор, попытка 1: /Users/evgenijminko/Work/random/python/cryptoquant_fetch.py --update --journal /Users/evgenijminko/Work/random/python/output/leaders.json --out /Users/evgenijminko/Work/random/python/cq_v2
2026-10-06 17:29:31 код 1 · токен/тариф не отвечает даже на минимальный запрос — стоп
2026-10-06 17:50:42 дозабор, попытка 3: /Users/evgenijminko/Work/random/python/cryptoquant_fetch.py --update --journal /Users/evgenijminko/Work/random/python/output/leaders.json --out /Users/evgenijminko/Work/random/python/cq_v2
2026-10-06 17:50:43 код 1 · токен/тариф не отвечает даже на минимальный запрос — стоп
2026-10-06 17:59:31 дозабор, попытка 2: /Users/evgenijminko/Work/random/python/cryptoquant_fetch.py --update --journal /Users/evgenijminko/Work/random/python/output/leaders.json --out /Users/evgenijminko/Work/random/python/cq_v2
2026-10-06 17:59:33 код 1 · токен/тариф не отвечает даже на минимальный запрос — стоп
2026-10-06 18:08:00 нет в архиве: 7 (band, carv, dia, edu, orca, rlc, ygg)
2026-10-06 18:08:00 добор новичков: band, carv, dia, edu, orca, rlc, ygg
2026-10-06 18:08:02 код 1 · токен/тариф не отвечает даже на минимальный запрос — стоп
2026-10-06 18:08:02 данные по 2026-10-03, ждём 2026-10-05 (возраст 44.2 ч)
2026-10-06 18:08:02 дозабор, попытка 1: /Users/evgenijminko/Work/random/python/cryptoquant_fetch.py --update --journal /Users/evgenijminko/Work/random/python/output/leaders.json --out /Users/evgenijminko/Work/random/python/cq_v2
2026-10-06 18:08:03 код 1 · токен/тариф не отвечает даже на минимальный запрос — стоп
2026-10-06 18:29:33 дозабор, попытка 3: /Users/evgenijminko/Work/random/python/cryptoquant_fetch.py --update --journal /Users/evgenijminko/Work/random/python/output/leaders.json --out /Users/evgenijminko/Work/random/python/cq_v2
2026-10-06 18:29:34 код 1 · токен/тариф не отвечает даже на минимальный запрос — стоп
2026-10-06 18:38:03 дозабор, попытка 2: /Users/evgenijminko/Work/random/python/cryptoquant_fetch.py --update --journal /Users/evgenijminko/Work/random/python/output/leaders.json --out /Users/evgenijminko/Work/random/python/cq_v2
2026-10-06 18:38:05 код 1 · токен/тариф не отвечает даже на минимальный запрос — стоп
2026-10-06 18:52:57 нет в архиве: 7 (band, carv, dia, edu, orca, rlc, ygg)
2026-10-06 18:52:57 добор новичков: band, carv, dia, edu, orca, rlc, ygg
2026-10-06 18:52:58 код 1 · токен/тариф не отвечает даже на минимальный запрос — стоп
2026-10-06 18:52:58 данные по 2026-10-03, ждём 2026-10-05 (возраст 44.9 ч)
2026-10-06 18:52:58 дозабор, попытка 1: /Users/evgenijminko/Work/random/python/cryptoquant_fetch.py --update --journal /Users/evgenijminko/Work/random/python/output/leaders.json --out /Users/evgenijminko/Work/random/python/cq_v2
2026-10-06 18:52:59 код 1 · токен/тариф не отвечает даже на минимальный запрос — стоп
2026-10-06 19:08:05 дозабор, попытка 3: /Users/evgenijminko/Work/random/python/cryptoquant_fetch.py --update --journal /Users/evgenijminko/Work/random/python/output/leaders.json --out /Users/evgenijminko/Work/random/python/cq_v2
2026-10-06 19:08:06 код 1 · токен/тариф не отвечает даже на минимальный запрос — стоп
2026-10-06 19:22:59 дозабор, попытка 2: /Users/evgenijminko/Work/random/python/cryptoquant_fetch.py --update --journal /Users/evgenijminko/Work/random/python/output/leaders.json --out /Users/evgenijminko/Work/random/python/cq_v2
2026-10-06 19:23:01 код 1 · токен/тариф не отвечает даже на минимальный запрос — стоп
2026-10-06 19:32:31 нет в архиве: 7 (band, carv, dia, edu, orca, rlc, ygg)
2026-10-06 19:32:31 добор новичков: band, carv, dia, edu, orca, rlc, ygg
2026-10-06 19:32:32 код 1 · токен/тариф не отвечает даже на минимальный запрос — стоп
2026-10-06 19:32:32 данные по 2026-10-03, ждём 2026-10-05 (возраст 45.6 ч)
2026-10-06 19:32:32 дозабор, попытка 1: /Users/evgenijminko/Work/random/python/cryptoquant_fetch.py --update --journal /Users/evgenijminko/Work/random/python/output/leaders.json --out /Users/evgenijminko/Work/random/python/cq_v2
2026-10-06 19:32:33 код 1 · токен/тариф не отвечает даже на минимальный запрос — стоп
2026-10-06 19:53:01 дозабор, попытка 3: /Users/evgenijminko/Work/random/python/cryptoquant_fetch.py --update --journal /Users/evgenijminko/Work/random/python/output/leaders.json --out /Users/evgenijminko/Work/random/python/cq_v2
2026-10-06 19:53:03 код 1 · токен/тариф не отвечает даже на минимальный запрос — стоп
2026-10-06 20:02:34 дозабор, попытка 2: /Users/evgenijminko/Work/random/python/cryptoquant_fetch.py --update --journal /Users/evgenijminko/Work/random/python/output/leaders.json --out /Users/evgenijminko/Work/random/python/cq_v2
2026-10-06 20:02:35 код 1 · токен/тариф не отвечает даже на минимальный запрос — стоп
2026-10-06 20:09:04 нет в архиве: 7 (band, carv, dia, edu, orca, rlc, ygg)
2026-10-06 20:09:04 добор новичков: band, carv, dia, edu, orca, rlc, ygg
2026-10-06 20:09:06 код 1 · токен/тариф не отвечает даже на минимальный запрос — стоп
2026-10-06 20:09:06 данные по 2026-10-03, ждём 2026-10-05 (возраст 46.2 ч)
2026-10-06 20:09:06 дозабор, попытка 1: /Users/evgenijminko/Work/random/python/cryptoquant_fetch.py --update --journal /Users/evgenijminko/Work/random/python/output/leaders.json --out /Users/evgenijminko/Work/random/python/cq_v2
2026-10-06 20:09:07 код 1 · токен/тариф не отвечает даже на минимальный запрос — стоп
2026-10-06 20:32:35 дозабор, попытка 3: /Users/evgenijminko/Work/random/python/cryptoquant_fetch.py --update --journal /Users/evgenijminko/Work/random/python/output/leaders.json --out /Users/evgenijminko/Work/random/python/cq_v2
2026-10-06 20:32:38 код 1 · токен/тариф не отвечает даже на минимальный запрос — стоп
2026-10-06 20:39:07 дозабор, попытка 2: /Users/evgenijminko/Work/random/python/cryptoquant_fetch.py --update --journal /Users/evgenijminko/Work/random/python/output/leaders.json --out /Users/evgenijminko/Work/random/python/cq_v2
2026-10-06 20:39:08 код 1 · токен/тариф не отвечает даже на минимальный запрос — стоп
2026-10-06 20:47:21 нет в архиве: 7 (band, carv, dia, edu, orca, rlc, ygg)
2026-10-06 20:47:21 добор новичков: band, carv, dia, edu, orca, rlc, ygg
2026-10-06 20:47:23 код 1 · токен/тариф не отвечает даже на минимальный запрос — стоп
2026-10-06 20:47:23 данные по 2026-10-03, ждём 2026-10-05 (возраст 46.8 ч)
2026-10-06 20:47:23 дозабор, попытка 1: /Users/evgenijminko/Work/random/python/cryptoquant_fetch.py --update --journal /Users/evgenijminko/Work/random/python/output/leaders.json --out /Users/evgenijminko/Work/random/python/cq_v2
2026-10-06 20:47:24 код 1 · токен/тариф не отвечает даже на минимальный запрос — стоп
2026-10-06 21:09:08 дозабор, попытка 3: /Users/evgenijminko/Work/random/python/cryptoquant_fetch.py --update --journal /Users/evgenijminko/Work/random/python/output/leaders.json --out /Users/evgenijminko/Work/random/python/cq_v2
2026-10-06 21:09:09 код 1 · токен/тариф не отвечает даже на минимальный запрос — стоп
2026-10-06 21:17:24 дозабор, попытка 2: /Users/evgenijminko/Work/random/python/cryptoquant_fetch.py --update --journal /Users/evgenijminko/Work/random/python/output/leaders.json --out /Users/evgenijminko/Work/random/python/cq_v2
2026-10-06 21:17:26 код 1 · токен/тариф не отвечает даже на минимальный запрос — стоп
2026-10-06 21:23:41 нет в архиве: 7 (band, carv, dia, edu, orca, rlc, ygg)
2026-10-06 21:23:41 добор новичков: band, carv, dia, edu, orca, rlc, ygg
2026-10-06 21:23:43 код 1 · токен/тариф не отвечает даже на минимальный запрос — стоп
2026-10-06 21:23:43 данные по 2026-10-03, ждём 2026-10-05 (возраст 47.4 ч)
2026-10-06 21:23:43 дозабор, попытка 1: /Users/evgenijminko/Work/random/python/cryptoquant_fetch.py --update --journal /Users/evgenijminko/Work/random/python/output/leaders.json --out /Users/evgenijminko/Work/random/python/cq_v2
2026-10-06 21:23:44 код 1 · токен/тариф не отвечает даже на минимальный запрос — стоп
2026-10-06 21:47:26 дозабор, попытка 3: /Users/evgenijminko/Work/random/python/cryptoquant_fetch.py --update --journal /Users/evgenijminko/Work/random/python/output/leaders.json --out /Users/evgenijminko/Work/random/python/cq_v2
2026-10-06 21:47:30 код 1 · токен/тариф не отвечает даже на минимальный запрос — стоп
2026-10-06 21:53:44 дозабор, попытка 2: /Users/evgenijminko/Work/random/python/cryptoquant_fetch.py --update --journal /Users/evgenijminko/Work/random/python/output/leaders.json --out /Users/evgenijminko/Work/random/python/cq_v2
2026-10-06 21:53:45 код 1 · токен/тариф не отвечает даже на минимальный запрос — стоп
2026-10-06 21:59:50 нет в архиве: 7 (band, carv, dia, edu, orca, rlc, ygg)
2026-10-06 21:59:50 добор новичков: band, carv, dia, edu, orca, rlc, ygg
2026-10-06 21:59:51 код 1 · токен/тариф не отвечает даже на минимальный запрос — стоп
2026-10-06 21:59:51 данные по 2026-10-03, ждём 2026-10-05 (возраст 48.0 ч)
2026-10-06 21:59:51 дозабор, попытка 1: /Users/evgenijminko/Work/random/python/cryptoquant_fetch.py --update --journal /Users/evgenijminko/Work/random/python/output/leaders.json --out /Users/evgenijminko/Work/random/python/cq_v2
2026-10-06 21:59:52 код 1 · токен/тариф не отвечает даже на минимальный запрос — стоп
2026-10-06 22:23:45 дозабор, попытка 3: /Users/evgenijminko/Work/random/python/cryptoquant_fetch.py --update --journal /Users/evgenijminko/Work/random/python/output/leaders.json --out /Users/evgenijminko/Work/random/python/cq_v2
2026-10-06 22:23:47 код 1 · токен/тариф не отвечает даже на минимальный запрос — стоп
2026-10-06 22:29:52 дозабор, попытка 2: /Users/evgenijminko/Work/random/python/cryptoquant_fetch.py --update --journal /Users/evgenijminko/Work/random/python/output/leaders.json --out /Users/evgenijminko/Work/random/python/cq_v2
2026-10-06 22:29:54 код 1 · токен/тариф не отвечает даже на минимальный запрос — стоп
2026-10-06 22:43:13 нет в архиве: 7 (band, carv, dia, edu, orca, rlc, ygg)
2026-10-06 22:43:13 добор новичков: band, carv, dia, edu, orca, rlc, ygg
2026-10-06 22:43:14 код 1 · токен/тариф не отвечает даже на минимальный запрос — стоп
2026-10-06 22:43:14 данные по 2026-10-03, ждём 2026-10-05 (возраст 48.8 ч)
2026-10-06 22:43:14 дозабор, попытка 1: /Users/evgenijminko/Work/random/python/cryptoquant_fetch.py --update --journal /Users/evgenijminko/Work/random/python/output/leaders.json --out /Users/evgenijminko/Work/random/python/cq_v2
2026-10-06 22:43:15 код 1 · токен/тариф не отвечает даже на минимальный запрос — стоп
2026-10-06 22:59:54 дозабор, попытка 3: /Users/evgenijminko/Work/random/python/cryptoquant_fetch.py --update --journal /Users/evgenijminko/Work/random/python/output/leaders.json --out /Users/evgenijminko/Work/random/python/cq_v2
2026-10-06 22:59:55 код 1 · токен/тариф не отвечает даже на минимальный запрос — стоп
2026-10-06 23:13:15 дозабор, попытка 2: /Users/evgenijminko/Work/random/python/cryptoquant_fetch.py --update --journal /Users/evgenijminko/Work/random/python/output/leaders.json --out /Users/evgenijminko/Work/random/python/cq_v2
2026-10-06 23:13:17 код 1 · токен/тариф не отвечает даже на минимальный запрос — стоп
2026-10-06 23:43:17 дозабор, попытка 3: /Users/evgenijminko/Work/random/python/cryptoquant_fetch.py --update --journal /Users/evgenijminko/Work/random/python/output/leaders.json --out /Users/evgenijminko/Work/random/python/cq_v2
2026-10-06 23:43:19 код 1 · токен/тариф не отвечает даже на минимальный запрос — стоп
2026-10-06 23:51:42 нет в архиве: 7 (band, carv, dia, edu, orca, rlc, ygg)
2026-10-06 23:51:42 добор новичков: band, carv, dia, edu, orca, rlc, ygg
2026-10-06 23:51:43 код 1 · токен/тариф не отвечает даже на минимальный запрос — стоп
2026-10-06 23:51:43 данные по 2026-10-03, ждём 2026-10-05 (возраст 49.9 ч)
2026-10-06 23:51:43 дозабор, попытка 1: /Users/evgenijminko/Work/random/python/cryptoquant_fetch.py --update --journal /Users/evgenijminko/Work/random/python/output/leaders.json --out /Users/evgenijminko/Work/random/python/cq_v2
2026-10-06 23:51:45 код 1 · токен/тариф не отвечает даже на минимальный запрос — стоп
2026-10-07 00:21:45 дозабор, попытка 2: /Users/evgenijminko/Work/random/python/cryptoquant_fetch.py --update --journal /Users/evgenijminko/Work/random/python/output/leaders.json --out /Users/evgenijminko/Work/random/python/cq_v2
2026-10-07 00:21:46 код 1 · токен/тариф не отвечает даже на минимальный запрос — стоп
2026-10-07 00:28:56 нет в архиве: 7 (band, carv, dia, edu, orca, rlc, ygg)
2026-10-07 00:28:56 добор новичков: band, carv, dia, edu, orca, rlc, ygg
2026-10-07 00:28:58 код 1 · токен/тариф не отвечает даже на минимальный запрос — стоп
2026-10-07 00:28:58 данные по 2026-10-03, ждём 2026-10-05 (возраст 50.5 ч)
2026-10-07 00:28:58 дозабор, попытка 1: /Users/evgenijminko/Work/random/python/cryptoquant_fetch.py --update --journal /Users/evgenijminko/Work/random/python/output/leaders.json --out /Users/evgenijminko/Work/random/python/cq_v2
2026-10-07 00:28:59 код 1 · токен/тариф не отвечает даже на минимальный запрос — стоп
2026-10-07 00:51:46 дозабор, попытка 3: /Users/evgenijminko/Work/random/python/cryptoquant_fetch.py --update --journal /Users/evgenijminko/Work/random/python/output/leaders.json --out /Users/evgenijminko/Work/random/python/cq_v2
2026-10-07 00:51:48 код 1 · токен/тариф не отвечает даже на минимальный запрос — стоп
2026-10-07 00:58:59 дозабор, попытка 2: /Users/evgenijminko/Work/random/python/cryptoquant_fetch.py --update --journal /Users/evgenijminko/Work/random/python/output/leaders.json --out /Users/evgenijminko/Work/random/python/cq_v2
2026-10-07 00:59:00 код 1 · токен/тариф не отвечает даже на минимальный запрос — стоп
2026-10-07 01:22:35 нет в архиве: 7 (band, carv, dia, edu, orca, rlc, ygg)
2026-10-07 01:22:35 добор новичков: band, carv, dia, edu, orca, rlc, ygg
2026-10-07 01:22:36 код 1 · токен/тариф не отвечает даже на минимальный запрос — стоп
2026-10-07 01:22:36 данные по 2026-10-03, ждём 2026-10-06 (возраст 51.4 ч)
2026-10-07 01:22:36 дозабор, попытка 1: /Users/evgenijminko/Work/random/python/cryptoquant_fetch.py --update --journal /Users/evgenijminko/Work/random/python/output/leaders.json --out /Users/evgenijminko/Work/random/python/cq_v2
2026-10-07 01:22:37 код 1 · токен/тариф не отвечает даже на минимальный запрос — стоп
2026-10-07 01:29:00 дозабор, попытка 3: /Users/evgenijminko/Work/random/python/cryptoquant_fetch.py --update --journal /Users/evgenijminko/Work/random/python/output/leaders.json --out /Users/evgenijminko/Work/random/python/cq_v2
2026-10-07 01:29:01 код 1 · токен/тариф не отвечает даже на минимальный запрос — стоп
2026-10-07 01:52:37 дозабор, попытка 2: /Users/evgenijminko/Work/random/python/cryptoquant_fetch.py --update --journal /Users/evgenijminko/Work/random/python/output/leaders.json --out /Users/evgenijminko/Work/random/python/cq_v2
2026-10-07 01:52:39 код 1 · токен/тариф не отвечает даже на минимальный запрос — стоп
2026-10-07 01:58:27 нет в архиве: 7 (band, carv, dia, edu, orca, rlc, ygg)
2026-10-07 01:58:27 добор новичков: band, carv, dia, edu, orca, rlc, ygg
2026-10-07 01:58:29 код 1 · токен/тариф не отвечает даже на минимальный запрос — стоп
2026-10-07 01:58:29 данные по 2026-10-03, ждём 2026-10-06 (возраст 52.0 ч)
2026-10-07 01:58:29 дозабор, попытка 1: /Users/evgenijminko/Work/random/python/cryptoquant_fetch.py --update --journal /Users/evgenijminko/Work/random/python/output/leaders.json --out /Users/evgenijminko/Work/random/python/cq_v2
2026-10-07 01:58:30 код 1 · токен/тариф не отвечает даже на минимальный запрос — стоп
2026-10-07 02:22:39 дозабор, попытка 3: /Users/evgenijminko/Work/random/python/cryptoquant_fetch.py --update --journal /Users/evgenijminko/Work/random/python/output/leaders.json --out /Users/evgenijminko/Work/random/python/cq_v2
2026-10-07 02:22:41 код 1 · токен/тариф не отвечает даже на минимальный запрос — стоп
2026-10-07 02:28:30 дозабор, попытка 2: /Users/evgenijminko/Work/random/python/cryptoquant_fetch.py --update --journal /Users/evgenijminko/Work/random/python/output/leaders.json --out /Users/evgenijminko/Work/random/python/cq_v2
2026-10-07 02:28:32 код 1 · токен/тариф не отвечает даже на минимальный запрос — стоп
2026-10-07 02:38:24 нет в архиве: 7 (band, carv, dia, edu, orca, rlc, ygg)
2026-10-07 02:38:24 добор новичков: band, carv, dia, edu, orca, rlc, ygg
2026-10-07 02:38:26 код 1 · токен/тариф не отвечает даже на минимальный запрос — стоп
2026-10-07 02:38:26 данные по 2026-10-03, ждём 2026-10-06 (возраст 52.7 ч)
2026-10-07 02:38:26 дозабор, попытка 1: /Users/evgenijminko/Work/random/python/cryptoquant_fetch.py --update --journal /Users/evgenijminko/Work/random/python/output/leaders.json --out /Users/evgenijminko/Work/random/python/cq_v2
2026-10-07 02:38:27 код 1 · токен/тариф не отвечает даже на минимальный запрос — стоп
2026-10-07 02:58:32 дозабор, попытка 3: /Users/evgenijminko/Work/random/python/cryptoquant_fetch.py --update --journal /Users/evgenijminko/Work/random/python/output/leaders.json --out /Users/evgenijminko/Work/random/python/cq_v2
2026-10-07 02:58:33 код 1 · токен/тариф не отвечает даже на минимальный запрос — стоп
2026-10-07 03:08:27 дозабор, попытка 2: /Users/evgenijminko/Work/random/python/cryptoquant_fetch.py --update --journal /Users/evgenijminko/Work/random/python/output/leaders.json --out /Users/evgenijminko/Work/random/python/cq_v2
2026-10-07 03:08:28 код 1 · токен/тариф не отвечает даже на минимальный запрос — стоп
2026-10-07 03:18:23 нет в архиве: 7 (band, carv, dia, edu, orca, rlc, ygg)
2026-10-07 03:18:23 добор новичков: band, carv, dia, edu, orca, rlc, ygg
2026-10-07 03:18:25 код 1 · токен/тариф не отвечает даже на минимальный запрос — стоп
2026-10-07 03:18:25 данные по 2026-10-03, ждём 2026-10-06 (возраст 53.4 ч)
2026-10-07 03:18:25 дозабор, попытка 1: /Users/evgenijminko/Work/random/python/cryptoquant_fetch.py --update --journal /Users/evgenijminko/Work/random/python/output/leaders.json --out /Users/evgenijminko/Work/random/python/cq_v2
2026-10-07 03:18:26 код 1 · токен/тариф не отвечает даже на минимальный запрос — стоп
2026-10-07 03:38:28 дозабор, попытка 3: /Users/evgenijminko/Work/random/python/cryptoquant_fetch.py --update --journal /Users/evgenijminko/Work/random/python/output/leaders.json --out /Users/evgenijminko/Work/random/python/cq_v2
2026-10-07 03:38:30 код 1 · токен/тариф не отвечает даже на минимальный запрос — стоп
2026-10-07 03:48:26 дозабор, попытка 2: /Users/evgenijminko/Work/random/python/cryptoquant_fetch.py --update --journal /Users/evgenijminko/Work/random/python/output/leaders.json --out /Users/evgenijminko/Work/random/python/cq_v2
2026-10-07 03:48:43 код 1 · токен/тариф не отвечает даже на минимальный запрос — стоп
2026-10-07 03:54:11 нет в архиве: 7 (band, carv, dia, edu, orca, rlc, ygg)
2026-10-07 03:54:11 добор новичков: band, carv, dia, edu, orca, rlc, ygg
2026-10-07 03:54:12 код 1 · токен/тариф не отвечает даже на минимальный запрос — стоп
2026-10-07 03:54:12 данные по 2026-10-03, ждём 2026-10-06 (возраст 54.0 ч)
2026-10-07 03:54:12 дозабор, попытка 1: /Users/evgenijminko/Work/random/python/cryptoquant_fetch.py --update --journal /Users/evgenijminko/Work/random/python/output/leaders.json --out /Users/evgenijminko/Work/random/python/cq_v2
2026-10-07 03:54:14 код 1 · токен/тариф не отвечает даже на минимальный запрос — стоп
2026-10-07 04:18:43 дозабор, попытка 3: /Users/evgenijminko/Work/random/python/cryptoquant_fetch.py --update --journal /Users/evgenijminko/Work/random/python/output/leaders.json --out /Users/evgenijminko/Work/random/python/cq_v2
2026-10-07 04:18:44 код 1 · токен/тариф не отвечает даже на минимальный запрос — стоп
2026-10-07 04:24:14 дозабор, попытка 2: /Users/evgenijminko/Work/random/python/cryptoquant_fetch.py --update --journal /Users/evgenijminko/Work/random/python/output/leaders.json --out /Users/evgenijminko/Work/random/python/cq_v2
2026-10-07 04:24:15 код 1 · токен/тариф не отвечает даже на минимальный запрос — стоп
2026-10-07 04:30:00 нет в архиве: 7 (band, carv, dia, edu, orca, rlc, ygg)
2026-10-07 04:30:00 добор новичков: band, carv, dia, edu, orca, rlc, ygg
2026-10-07 04:30:01 код 1 · токен/тариф не отвечает даже на минимальный запрос — стоп
2026-10-07 04:30:01 данные по 2026-10-03, ждём 2026-10-06 (возраст 54.5 ч)
2026-10-07 04:30:01 дозабор, попытка 1: /Users/evgenijminko/Work/random/python/cryptoquant_fetch.py --update --journal /Users/evgenijminko/Work/random/python/output/leaders.json --out /Users/evgenijminko/Work/random/python/cq_v2
2026-10-07 04:30:02 код 1 · токен/тариф не отвечает даже на минимальный запрос — стоп
2026-10-07 04:54:15 дозабор, попытка 3: /Users/evgenijminko/Work/random/python/cryptoquant_fetch.py --update --journal /Users/evgenijminko/Work/random/python/output/leaders.json --out /Users/evgenijminko/Work/random/python/cq_v2
2026-10-07 04:54:20 код 1 · токен/тариф не отвечает даже на минимальный запрос — стоп
2026-10-07 05:00:03 дозабор, попытка 2: /Users/evgenijminko/Work/random/python/cryptoquant_fetch.py --update --journal /Users/evgenijminko/Work/random/python/output/leaders.json --out /Users/evgenijminko/Work/random/python/cq_v2
2026-10-07 05:00:04 код 1 · токен/тариф не отвечает даже на минимальный запрос — стоп
2026-10-07 05:07:25 нет в архиве: 8 (aia, band, carv, dia, edu, orca, rlc, ygg)
2026-10-07 05:07:25 добор новичков: aia, band, carv, dia, edu, orca, rlc, ygg
2026-10-07 05:07:26 код 1 · токен/тариф не отвечает даже на минимальный запрос — стоп
2026-10-07 05:07:26 данные по 2026-10-03, ждём 2026-10-06 (возраст 55.2 ч)
2026-10-07 05:07:26 дозабор, попытка 1: /Users/evgenijminko/Work/random/python/cryptoquant_fetch.py --update --journal /Users/evgenijminko/Work/random/python/output/leaders.json --out /Users/evgenijminko/Work/random/python/cq_v2
2026-10-07 05:07:28 код 1 · токен/тариф не отвечает даже на минимальный запрос — стоп
2026-10-07 05:30:04 дозабор, попытка 3: /Users/evgenijminko/Work/random/python/cryptoquant_fetch.py --update --journal /Users/evgenijminko/Work/random/python/output/leaders.json --out /Users/evgenijminko/Work/random/python/cq_v2
2026-10-07 05:30:05 код 1 · токен/тариф не отвечает даже на минимальный запрос — стоп
2026-10-07 05:37:28 дозабор, попытка 2: /Users/evgenijminko/Work/random/python/cryptoquant_fetch.py --update --journal /Users/evgenijminko/Work/random/python/output/leaders.json --out /Users/evgenijminko/Work/random/python/cq_v2
2026-10-07 05:37:29 код 1 · токен/тариф не отвечает даже на минимальный запрос — стоп
2026-10-07 05:46:53 нет в архиве: 8 (aia, band, carv, dia, edu, orca, rlc, ygg)
2026-10-07 05:46:53 добор новичков: aia, band, carv, dia, edu, orca, rlc, ygg
2026-10-07 05:46:55 код 1 · токен/тариф не отвечает даже на минимальный запрос — стоп
2026-10-07 05:46:55 данные по 2026-10-03, ждём 2026-10-06 (возраст 55.8 ч)
2026-10-07 05:46:55 дозабор, попытка 1: /Users/evgenijminko/Work/random/python/cryptoquant_fetch.py --update --journal /Users/evgenijminko/Work/random/python/output/leaders.json --out /Users/evgenijminko/Work/random/python/cq_v2
2026-10-07 05:46:56 код 1 · токен/тариф не отвечает даже на минимальный запрос — стоп
2026-10-07 06:07:29 дозабор, попытка 3: /Users/evgenijminko/Work/random/python/cryptoquant_fetch.py --update --journal /Users/evgenijminko/Work/random/python/output/leaders.json --out /Users/evgenijminko/Work/random/python/cq_v2
2026-10-07 06:07:30 код 1 · токен/тариф не отвечает даже на минимальный запрос — стоп
2026-10-07 06:16:56 дозабор, попытка 2: /Users/evgenijminko/Work/random/python/cryptoquant_fetch.py --update --journal /Users/evgenijminko/Work/random/python/output/leaders.json --out /Users/evgenijminko/Work/random/python/cq_v2
2026-10-07 06:16:57 код 1 · токен/тариф не отвечает даже на минимальный запрос — стоп
2026-10-07 06:23:09 нет в архиве: 8 (aia, band, carv, dia, edu, orca, rlc, ygg)
2026-10-07 06:23:09 добор новичков: aia, band, carv, dia, edu, orca, rlc, ygg
2026-10-07 06:23:10 код 1 · токен/тариф не отвечает даже на минимальный запрос — стоп
2026-10-07 06:23:10 данные по 2026-10-03, ждём 2026-10-06 (возраст 56.4 ч)
2026-10-07 06:23:10 дозабор, попытка 1: /Users/evgenijminko/Work/random/python/cryptoquant_fetch.py --update --journal /Users/evgenijminko/Work/random/python/output/leaders.json --out /Users/evgenijminko/Work/random/python/cq_v2
2026-10-07 06:23:11 код 1 · токен/тариф не отвечает даже на минимальный запрос — стоп
2026-10-07 06:46:57 дозабор, попытка 3: /Users/evgenijminko/Work/random/python/cryptoquant_fetch.py --update --journal /Users/evgenijminko/Work/random/python/output/leaders.json --out /Users/evgenijminko/Work/random/python/cq_v2
2026-10-07 06:46:59 код 1 · токен/тариф не отвечает даже на минимальный запрос — стоп
2026-10-07 06:53:12 дозабор, попытка 2: /Users/evgenijminko/Work/random/python/cryptoquant_fetch.py --update --journal /Users/evgenijminko/Work/random/python/output/leaders.json --out /Users/evgenijminko/Work/random/python/cq_v2
2026-10-07 06:53:13 код 1 · токен/тариф не отвечает даже на минимальный запрос — стоп
2026-10-07 07:04:22 нет в архиве: 8 (aia, band, carv, dia, edu, orca, rlc, ygg)
2026-10-07 07:04:22 добор новичков: aia, band, carv, dia, edu, orca, rlc, ygg
2026-10-07 07:04:23 код 1 · токен/тариф не отвечает даже на минимальный запрос — стоп
2026-10-07 07:04:23 данные по 2026-10-03, ждём 2026-10-06 (возраст 57.1 ч)
2026-10-07 07:04:23 дозабор, попытка 1: /Users/evgenijminko/Work/random/python/cryptoquant_fetch.py --update --journal /Users/evgenijminko/Work/random/python/output/leaders.json --out /Users/evgenijminko/Work/random/python/cq_v2
2026-10-07 07:04:25 код 1 · токен/тариф не отвечает даже на минимальный запрос — стоп
2026-10-07 07:23:13 дозабор, попытка 3: /Users/evgenijminko/Work/random/python/cryptoquant_fetch.py --update --journal /Users/evgenijminko/Work/random/python/output/leaders.json --out /Users/evgenijminko/Work/random/python/cq_v2
2026-10-07 07:23:13 код 1 · токен/тариф не отвечает даже на минимальный запрос — стоп
2026-10-07 07:34:25 дозабор, попытка 2: /Users/evgenijminko/Work/random/python/cryptoquant_fetch.py --update --journal /Users/evgenijminko/Work/random/python/output/leaders.json --out /Users/evgenijminko/Work/random/python/cq_v2
2026-10-07 07:34:56 код 1 · токен/тариф не отвечает даже на минимальный запрос — стоп
2026-10-07 07:42:15 нет в архиве: 8 (aia, band, carv, dia, edu, orca, rlc, ygg)
2026-10-07 07:42:15 добор новичков: aia, band, carv, dia, edu, orca, rlc, ygg
2026-10-07 07:42:46 код 1 · токен/тариф не отвечает даже на минимальный запрос — стоп
2026-10-07 07:42:46 данные по 2026-10-03, ждём 2026-10-06 (возраст 57.8 ч)
2026-10-07 07:42:46 дозабор, попытка 1: /Users/evgenijminko/Work/random/python/cryptoquant_fetch.py --update --journal /Users/evgenijminko/Work/random/python/output/leaders.json --out /Users/evgenijminko/Work/random/python/cq_v2
2026-10-07 07:43:17 код 1 · токен/тариф не отвечает даже на минимальный запрос — стоп
2026-10-07 08:04:56 дозабор, попытка 3: /Users/evgenijminko/Work/random/python/cryptoquant_fetch.py --update --journal /Users/evgenijminko/Work/random/python/output/leaders.json --out /Users/evgenijminko/Work/random/python/cq_v2
2026-10-07 08:04:56 код 1 · токен/тариф не отвечает даже на минимальный запрос — стоп
2026-10-07 08:13:17 дозабор, попытка 2: /Users/evgenijminko/Work/random/python/cryptoquant_fetch.py --update --journal /Users/evgenijminko/Work/random/python/output/leaders.json --out /Users/evgenijminko/Work/random/python/cq_v2
2026-10-07 08:13:48 код 1 · токен/тариф не отвечает даже на минимальный запрос — стоп
2026-10-07 08:43:48 дозабор, попытка 3: /Users/evgenijminko/Work/random/python/cryptoquant_fetch.py --update --journal /Users/evgenijminko/Work/random/python/output/leaders.json --out /Users/evgenijminko/Work/random/python/cq_v2
2026-10-07 08:43:49 код 1 · токен/тариф не отвечает даже на минимальный запрос — стоп
2026-10-07 08:47:21 нет в архиве: 9 (aia, band, carv, dia, edu, orca, parti, rlc, ygg); беру 8, остальных возьмёт следующий прогон
2026-10-07 08:47:21 добор новичков: aia, band, carv, dia, edu, orca, parti, rlc
2026-10-07 08:47:22 код 1 · токен/тариф не отвечает даже на минимальный запрос — стоп
2026-10-07 08:47:22 данные по 2026-10-03, ждём 2026-10-06 (возраст 58.8 ч)
2026-10-07 08:47:22 дозабор, попытка 1: /Users/evgenijminko/Work/random/python/cryptoquant_fetch.py --update --journal /Users/evgenijminko/Work/random/python/output/leaders.json --out /Users/evgenijminko/Work/random/python/cq_v2
2026-10-07 08:47:23 код 1 · токен/тариф не отвечает даже на минимальный запрос — стоп
2026-10-07 09:17:23 дозабор, попытка 2: /Users/evgenijminko/Work/random/python/cryptoquant_fetch.py --update --journal /Users/evgenijminko/Work/random/python/output/leaders.json --out /Users/evgenijminko/Work/random/python/cq_v2
2026-10-07 09:17:23 код 1 · токен/тариф не отвечает даже на минимальный запрос — стоп
2026-10-07 09:23:14 нет в архиве: 9 (aia, band, carv, dia, edu, orca, parti, rlc, ygg); беру 8, остальных возьмёт следующий прогон
2026-10-07 09:23:14 добор новичков: aia, band, carv, dia, edu, orca, parti, rlc
2026-10-07 09:23:14 код 1 · токен/тариф не отвечает даже на минимальный запрос — стоп
2026-10-07 09:23:14 данные по 2026-10-03, ждём 2026-10-06 (возраст 59.4 ч)
2026-10-07 09:23:14 дозабор, попытка 1: /Users/evgenijminko/Work/random/python/cryptoquant_fetch.py --update --journal /Users/evgenijminko/Work/random/python/output/leaders.json --out /Users/evgenijminko/Work/random/python/cq_v2
2026-10-07 09:23:15 код 1 · токен/тариф не отвечает даже на минимальный запрос — стоп
2026-10-07 09:47:23 дозабор, попытка 3: /Users/evgenijminko/Work/random/python/cryptoquant_fetch.py --update --journal /Users/evgenijminko/Work/random/python/output/leaders.json --out /Users/evgenijminko/Work/random/python/cq_v2
2026-10-07 09:47:24 код 1 · токен/тариф не отвечает даже на минимальный запрос — стоп
2026-10-07 09:53:15 дозабор, попытка 2: /Users/evgenijminko/Work/random/python/cryptoquant_fetch.py --update --journal /Users/evgenijminko/Work/random/python/output/leaders.json --out /Users/evgenijminko/Work/random/python/cq_v2
2026-10-07 09:53:15 код 1 · токен/тариф не отвечает даже на минимальный запрос — стоп
2026-10-07 10:00:43 нет в архиве: 9 (aia, band, carv, dia, edu, orca, parti, rlc, ygg); беру 8, остальных возьмёт следующий прогон
2026-10-07 10:00:43 добор новичков: aia, band, carv, dia, edu, orca, parti, rlc
2026-10-07 10:01:14 код 1 · токен/тариф не отвечает даже на минимальный запрос — стоп
2026-10-07 10:01:14 данные по 2026-10-03, ждём 2026-10-06 (возраст 60.1 ч)
2026-10-07 10:01:14 дозабор, попытка 1: /Users/evgenijminko/Work/random/python/cryptoquant_fetch.py --update --journal /Users/evgenijminko/Work/random/python/output/leaders.json --out /Users/evgenijminko/Work/random/python/cq_v2
2026-10-07 10:01:45 код 1 · токен/тариф не отвечает даже на минимальный запрос — стоп
2026-10-07 10:23:15 дозабор, попытка 3: /Users/evgenijminko/Work/random/python/cryptoquant_fetch.py --update --journal /Users/evgenijminko/Work/random/python/output/leaders.json --out /Users/evgenijminko/Work/random/python/cq_v2
2026-10-07 10:23:46 код 1 · токен/тариф не отвечает даже на минимальный запрос — стоп
2026-10-07 10:31:45 дозабор, попытка 2: /Users/evgenijminko/Work/random/python/cryptoquant_fetch.py --update --journal /Users/evgenijminko/Work/random/python/output/leaders.json --out /Users/evgenijminko/Work/random/python/cq_v2
2026-10-07 10:32:15 код 1 · токен/тариф не отвечает даже на минимальный запрос — стоп
2026-10-07 10:46:17 нет в архиве: 9 (aia, band, carv, dia, edu, orca, parti, rlc, ygg); беру 8, остальных возьмёт следующий прогон
2026-10-07 10:46:17 добор новичков: aia, band, carv, dia, edu, orca, parti, rlc
2026-10-07 10:46:47 код 1 · токен/тариф не отвечает даже на минимальный запрос — стоп
2026-10-07 10:46:47 данные по 2026-10-03, ждём 2026-10-06 (возраст 60.8 ч)
2026-10-07 10:46:47 дозабор, попытка 1: /Users/evgenijminko/Work/random/python/cryptoquant_fetch.py --update --journal /Users/evgenijminko/Work/random/python/output/leaders.json --out /Users/evgenijminko/Work/random/python/cq_v2
2026-10-07 10:47:18 код 1 · токен/тариф не отвечает даже на минимальный запрос — стоп
2026-10-07 11:02:15 дозабор, попытка 3: /Users/evgenijminko/Work/random/python/cryptoquant_fetch.py --update --journal /Users/evgenijminko/Work/random/python/output/leaders.json --out /Users/evgenijminko/Work/random/python/cq_v2
2026-10-07 11:02:16 код 1 · токен/тариф не отвечает даже на минимальный запрос — стоп
2026-10-07 11:17:18 дозабор, попытка 2: /Users/evgenijminko/Work/random/python/cryptoquant_fetch.py --update --journal /Users/evgenijminko/Work/random/python/output/leaders.json --out /Users/evgenijminko/Work/random/python/cq_v2
2026-10-07 11:17:48 код 1 · токен/тариф не отвечает даже на минимальный запрос — стоп
2026-10-07 11:46:24 нет в архиве: 9 (aia, band, carv, dia, edu, orca, parti, rlc, ygg); беру 8, остальных возьмёт следующий прогон
2026-10-07 11:46:24 добор новичков: aia, band, carv, dia, edu, orca, parti, rlc
2026-10-07 11:46:24 код 1 · токен/тариф не отвечает даже на минимальный запрос — стоп
2026-10-07 11:46:25 данные по 2026-10-03, ждём 2026-10-06 (возраст 61.8 ч)
2026-10-07 11:46:25 дозабор, попытка 1: /Users/evgenijminko/Work/random/python/cryptoquant_fetch.py --update --journal /Users/evgenijminko/Work/random/python/output/leaders.json --out /Users/evgenijminko/Work/random/python/cq_v2
2026-10-07 11:46:25 код 1 · токен/тариф не отвечает даже на минимальный запрос — стоп
2026-10-07 11:47:49 дозабор, попытка 3: /Users/evgenijminko/Work/random/python/cryptoquant_fetch.py --update --journal /Users/evgenijminko/Work/random/python/output/leaders.json --out /Users/evgenijminko/Work/random/python/cq_v2
2026-10-07 11:47:49 код 1 · токен/тариф не отвечает даже на минимальный запрос — стоп
2026-10-07 12:16:25 дозабор, попытка 2: /Users/evgenijminko/Work/random/python/cryptoquant_fetch.py --update --journal /Users/evgenijminko/Work/random/python/output/leaders.json --out /Users/evgenijminko/Work/random/python/cq_v2
2026-10-07 12:16:56 код 1 · токен/тариф не отвечает даже на минимальный запрос — стоп
2026-10-07 12:30:08 нет в архиве: 9 (aia, band, carv, dia, edu, orca, parti, rlc, ygg); беру 8, остальных возьмёт следующий прогон
2026-10-07 12:30:08 добор новичков: aia, band, carv, dia, edu, orca, parti, rlc
2026-10-07 12:30:09 код 1 · токен/тариф не отвечает даже на минимальный запрос — стоп
2026-10-07 12:30:09 данные по 2026-10-03, ждём 2026-10-06 (возраст 62.6 ч)
2026-10-07 12:30:09 дозабор, попытка 1: /Users/evgenijminko/Work/random/python/cryptoquant_fetch.py --update --journal /Users/evgenijminko/Work/random/python/output/leaders.json --out /Users/evgenijminko/Work/random/python/cq_v2
2026-10-07 12:30:10 код 1 · токен/тариф не отвечает даже на минимальный запрос — стоп
2026-10-07 12:46:56 дозабор, попытка 3: /Users/evgenijminko/Work/random/python/cryptoquant_fetch.py --update --journal /Users/evgenijminko/Work/random/python/output/leaders.json --out /Users/evgenijminko/Work/random/python/cq_v2
2026-10-07 12:46:56 код 1 · токен/тариф не отвечает даже на минимальный запрос — стоп
2026-10-07 13:00:10 дозабор, попытка 2: /Users/evgenijminko/Work/random/python/cryptoquant_fetch.py --update --journal /Users/evgenijminko/Work/random/python/output/leaders.json --out /Users/evgenijminko/Work/random/python/cq_v2
2026-10-07 13:00:10 код 1 · токен/тариф не отвечает даже на минимальный запрос — стоп
2026-10-07 13:07:43 нет в архиве: 9 (aia, band, carv, dia, edu, orca, parti, rlc, ygg); беру 8, остальных возьмёт следующий прогон
2026-10-07 13:07:43 добор новичков: aia, band, carv, dia, edu, orca, parti, rlc
2026-10-07 13:08:13 код 1 · токен/тариф не отвечает даже на минимальный запрос — стоп
2026-10-07 13:08:13 данные по 2026-10-03, ждём 2026-10-06 (возраст 63.2 ч)
2026-10-07 13:08:13 дозабор, попытка 1: /Users/evgenijminko/Work/random/python/cryptoquant_fetch.py --update --journal /Users/evgenijminko/Work/random/python/output/leaders.json --out /Users/evgenijminko/Work/random/python/cq_v2
2026-10-07 13:08:44 код 1 · токен/тариф не отвечает даже на минимальный запрос — стоп
2026-10-07 13:30:10 дозабор, попытка 3: /Users/evgenijminko/Work/random/python/cryptoquant_fetch.py --update --journal /Users/evgenijminko/Work/random/python/output/leaders.json --out /Users/evgenijminko/Work/random/python/cq_v2
2026-10-07 13:30:41 код 1 · токен/тариф не отвечает даже на минимальный запрос — стоп
2026-10-07 13:38:44 дозабор, попытка 2: /Users/evgenijminko/Work/random/python/cryptoquant_fetch.py --update --journal /Users/evgenijminko/Work/random/python/output/leaders.json --out /Users/evgenijminko/Work/random/python/cq_v2
2026-10-07 13:38:45 код 1 · токен/тариф не отвечает даже на минимальный запрос — стоп
2026-10-07 13:46:24 нет в архиве: 9 (aia, band, carv, dia, edu, orca, parti, rlc, ygg); беру 8, остальных возьмёт следующий прогон
2026-10-07 13:46:24 добор новичков: aia, band, carv, dia, edu, orca, parti, rlc
2026-10-07 13:46:24 код 1 · токен/тариф не отвечает даже на минимальный запрос — стоп
2026-10-07 13:46:24 данные по 2026-10-03, ждём 2026-10-06 (возраст 63.8 ч)
2026-10-07 13:46:24 дозабор, попытка 1: /Users/evgenijminko/Work/random/python/cryptoquant_fetch.py --update --journal /Users/evgenijminko/Work/random/python/output/leaders.json --out /Users/evgenijminko/Work/random/python/cq_v2
2026-10-07 13:46:25 код 1 · токен/тариф не отвечает даже на минимальный запрос — стоп
2026-10-07 14:08:45 дозабор, попытка 3: /Users/evgenijminko/Work/random/python/cryptoquant_fetch.py --update --journal /Users/evgenijminko/Work/random/python/output/leaders.json --out /Users/evgenijminko/Work/random/python/cq_v2
2026-10-07 14:08:45 код 1 · токен/тариф не отвечает даже на минимальный запрос — стоп
2026-10-07 14:16:25 дозабор, попытка 2: /Users/evgenijminko/Work/random/python/cryptoquant_fetch.py --update --journal /Users/evgenijminko/Work/random/python/output/leaders.json --out /Users/evgenijminko/Work/random/python/cq_v2
2026-10-07 14:16:56 код 1 · токен/тариф не отвечает даже на минимальный запрос — стоп
2026-10-07 14:22:57 нет в архиве: 9 (aia, band, carv, dia, edu, orca, parti, rlc, ygg); беру 8, остальных возьмёт следующий прогон
2026-10-07 14:22:57 добор новичков: aia, band, carv, dia, edu, orca, parti, rlc
2026-10-07 14:22:57 код 1 · токен/тариф не отвечает даже на минимальный запрос — стоп
2026-10-07 14:22:57 данные по 2026-10-03, ждём 2026-10-06 (возраст 64.4 ч)
2026-10-07 14:22:58 дозабор, попытка 1: /Users/evgenijminko/Work/random/python/cryptoquant_fetch.py --update --journal /Users/evgenijminko/Work/random/python/output/leaders.json --out /Users/evgenijminko/Work/random/python/cq_v2
2026-10-07 14:22:58 код 1 · токен/тариф не отвечает даже на минимальный запрос — стоп
2026-10-07 14:46:56 дозабор, попытка 3: /Users/evgenijminko/Work/random/python/cryptoquant_fetch.py --update --journal /Users/evgenijminko/Work/random/python/output/leaders.json --out /Users/evgenijminko/Work/random/python/cq_v2
2026-10-07 14:47:26 код 1 · токен/тариф не отвечает даже на минимальный запрос — стоп
2026-10-07 14:52:58 дозабор, попытка 2: /Users/evgenijminko/Work/random/python/cryptoquant_fetch.py --update --journal /Users/evgenijminko/Work/random/python/output/leaders.json --out /Users/evgenijminko/Work/random/python/cq_v2
2026-10-07 14:52:59 код 1 · токен/тариф не отвечает даже на минимальный запрос — стоп
2026-10-07 15:04:40 нет в архиве: 9 (aia, band, carv, dia, edu, orca, parti, rlc, ygg); беру 8, остальных возьмёт следующий прогон
2026-10-07 15:04:40 добор новичков: aia, band, carv, dia, edu, orca, parti, rlc
2026-10-07 15:05:11 код 1 · токен/тариф не отвечает даже на минимальный запрос — стоп
2026-10-07 15:05:11 данные по 2026-10-03, ждём 2026-10-06 (возраст 65.1 ч)
2026-10-07 15:05:11 дозабор, попытка 1: /Users/evgenijminko/Work/random/python/cryptoquant_fetch.py --update --journal /Users/evgenijminko/Work/random/python/output/leaders.json --out /Users/evgenijminko/Work/random/python/cq_v2
2026-10-07 15:05:41 код 1 · токен/тариф не отвечает даже на минимальный запрос — стоп
2026-10-07 15:22:59 дозабор, попытка 3: /Users/evgenijminko/Work/random/python/cryptoquant_fetch.py --update --journal /Users/evgenijminko/Work/random/python/output/leaders.json --out /Users/evgenijminko/Work/random/python/cq_v2
2026-10-07 15:23:01 код 1 · токен/тариф не отвечает даже на минимальный запрос — стоп
2026-10-07 15:35:41 дозабор, попытка 2: /Users/evgenijminko/Work/random/python/cryptoquant_fetch.py --update --journal /Users/evgenijminko/Work/random/python/output/leaders.json --out /Users/evgenijminko/Work/random/python/cq_v2
2026-10-07 15:38:31 код 1 · токен/тариф не отвечает даже на минимальный запрос — стоп
2026-10-07 15:54:50 нет в архиве: 10 (aia, band, carv, dia, edu, orca, parti, rlc, ta, ygg); беру 8, остальных возьмёт следующий прогон
2026-10-07 15:54:50 добор новичков: aia, band, carv, dia, edu, orca, parti, rlc
2026-10-07 15:56:58 код 1 · токен/тариф не отвечает даже на минимальный запрос — стоп
2026-10-07 15:56:58 данные по 2026-10-03, ждём 2026-10-06 (возраст 66.0 ч)
2026-10-07 15:56:58 дозабор, попытка 1: /Users/evgenijminko/Work/random/python/cryptoquant_fetch.py --update --journal /Users/evgenijminko/Work/random/python/output/leaders.json --out /Users/evgenijminko/Work/random/python/cq_v2
2026-10-07 15:56:59 код 1 · токен/тариф не отвечает даже на минимальный запрос — стоп
2026-10-07 16:08:31 дозабор, попытка 3: /Users/evgenijminko/Work/random/python/cryptoquant_fetch.py --update --journal /Users/evgenijminko/Work/random/python/output/leaders.json --out /Users/evgenijminko/Work/random/python/cq_v2
2026-10-07 16:11:44 код 1 · токен/тариф не отвечает даже на минимальный запрос — стоп
2026-10-07 16:26:59 дозабор, попытка 2: /Users/evgenijminko/Work/random/python/cryptoquant_fetch.py --update --journal /Users/evgenijminko/Work/random/python/output/leaders.json --out /Users/evgenijminko/Work/random/python/cq_v2
2026-10-07 16:27:01 код 1 · токен/тариф не отвечает даже на минимальный запрос — стоп
2026-10-07 16:47:37 нет в архиве: 10 (aia, band, carv, dia, edu, orca, parti, rlc, ta, ygg); беру 8, остальных возьмёт следующий прогон
2026-10-07 16:47:37 добор новичков: aia, band, carv, dia, edu, orca, parti, rlc
2026-10-07 16:47:39 код 1 · токен/тариф не отвечает даже на минимальный запрос — стоп
2026-10-07 16:47:39 данные по 2026-10-03, ждём 2026-10-06 (возраст 66.8 ч)
2026-10-07 16:47:39 дозабор, попытка 1: /Users/evgenijminko/Work/random/python/cryptoquant_fetch.py --update --journal /Users/evgenijminko/Work/random/python/output/leaders.json --out /Users/evgenijminko/Work/random/python/cq_v2
2026-10-07 16:47:41 код 1 · токен/тариф не отвечает даже на минимальный запрос — стоп
2026-10-07 16:57:01 дозабор, попытка 3: /Users/evgenijminko/Work/random/python/cryptoquant_fetch.py --update --journal /Users/evgenijminko/Work/random/python/output/leaders.json --out /Users/evgenijminko/Work/random/python/cq_v2
2026-10-07 16:57:02 код 1 · токен/тариф не отвечает даже на минимальный запрос — стоп
2026-10-07 17:17:41 дозабор, попытка 2: /Users/evgenijminko/Work/random/python/cryptoquant_fetch.py --update --journal /Users/evgenijminko/Work/random/python/output/leaders.json --out /Users/evgenijminko/Work/random/python/cq_v2
2026-10-07 17:17:43 код 1 · токен/тариф не отвечает даже на минимальный запрос — стоп
2026-10-07 17:26:24 нет в архиве: 10 (aia, band, carv, dia, edu, orca, parti, rlc, ta, ygg); беру 8, остальных возьмёт следующий прогон
2026-10-07 17:26:24 добор новичков: aia, band, carv, dia, edu, orca, parti, rlc
2026-10-07 17:26:26 код 1 · токен/тариф не отвечает даже на минимальный запрос — стоп
2026-10-07 17:26:27 данные по 2026-10-03, ждём 2026-10-06 (возраст 67.5 ч)
2026-10-07 17:26:27 дозабор, попытка 1: /Users/evgenijminko/Work/random/python/cryptoquant_fetch.py --update --journal /Users/evgenijminko/Work/random/python/output/leaders.json --out /Users/evgenijminko/Work/random/python/cq_v2
2026-10-07 17:26:28 код 1 · токен/тариф не отвечает даже на минимальный запрос — стоп
2026-10-07 17:47:43 дозабор, попытка 3: /Users/evgenijminko/Work/random/python/cryptoquant_fetch.py --update --journal /Users/evgenijminko/Work/random/python/output/leaders.json --out /Users/evgenijminko/Work/random/python/cq_v2
2026-10-07 17:47:44 код 1 · токен/тариф не отвечает даже на минимальный запрос — стоп
2026-10-07 17:56:28 дозабор, попытка 2: /Users/evgenijminko/Work/random/python/cryptoquant_fetch.py --update --journal /Users/evgenijminko/Work/random/python/output/leaders.json --out /Users/evgenijminko/Work/random/python/cq_v2
2026-10-07 17:56:30 код 1 · токен/тариф не отвечает даже на минимальный запрос — стоп
2026-10-07 18:02:52 нет в архиве: 10 (aia, band, carv, dia, edu, orca, parti, rlc, ta, ygg); беру 8, остальных возьмёт следующий прогон
2026-10-07 18:02:52 добор новичков: aia, band, carv, dia, edu, orca, parti, rlc
2026-10-07 18:02:53 код 1 · токен/тариф не отвечает даже на минимальный запрос — стоп
2026-10-07 18:02:53 данные по 2026-10-03, ждём 2026-10-06 (возраст 68.1 ч)
2026-10-07 18:02:53 дозабор, попытка 1: /Users/evgenijminko/Work/random/python/cryptoquant_fetch.py --update --journal /Users/evgenijminko/Work/random/python/output/leaders.json --out /Users/evgenijminko/Work/random/python/cq_v2
2026-10-07 18:02:54 код 1 · токен/тариф не отвечает даже на минимальный запрос — стоп
2026-10-07 18:26:30 дозабор, попытка 3: /Users/evgenijminko/Work/random/python/cryptoquant_fetch.py --update --journal /Users/evgenijminko/Work/random/python/output/leaders.json --out /Users/evgenijminko/Work/random/python/cq_v2
2026-10-07 18:26:31 код 1 · токен/тариф не отвечает даже на минимальный запрос — стоп
2026-10-07 18:32:54 дозабор, попытка 2: /Users/evgenijminko/Work/random/python/cryptoquant_fetch.py --update --journal /Users/evgenijminko/Work/random/python/output/leaders.json --out /Users/evgenijminko/Work/random/python/cq_v2
2026-10-07 18:32:56 код 1 · токен/тариф не отвечает даже на минимальный запрос — стоп
2026-10-07 18:40:06 нет в архиве: 10 (aia, band, carv, dia, edu, orca, parti, rlc, ta, ygg); беру 8, остальных возьмёт следующий прогон
2026-10-07 18:40:06 добор новичков: aia, band, carv, dia, edu, orca, parti, rlc
2026-10-07 18:40:08 код 1 · токен/тариф не отвечает даже на минимальный запрос — стоп
2026-10-07 18:40:08 данные по 2026-10-03, ждём 2026-10-06 (возраст 68.7 ч)
2026-10-07 18:40:08 дозабор, попытка 1: /Users/evgenijminko/Work/random/python/cryptoquant_fetch.py --update --journal /Users/evgenijminko/Work/random/python/output/leaders.json --out /Users/evgenijminko/Work/random/python/cq_v2
2026-10-07 18:40:10 код 1 · токен/тариф не отвечает даже на минимальный запрос — стоп
2026-10-07 19:02:56 дозабор, попытка 3: /Users/evgenijminko/Work/random/python/cryptoquant_fetch.py --update --journal /Users/evgenijminko/Work/random/python/output/leaders.json --out /Users/evgenijminko/Work/random/python/cq_v2
2026-10-07 19:02:57 код 1 · токен/тариф не отвечает даже на минимальный запрос — стоп
2026-10-07 19:10:10 дозабор, попытка 2: /Users/evgenijminko/Work/random/python/cryptoquant_fetch.py --update --journal /Users/evgenijminko/Work/random/python/output/leaders.json --out /Users/evgenijminko/Work/random/python/cq_v2
2026-10-07 19:10:11 код 1 · токен/тариф не отвечает даже на минимальный запрос — стоп
2026-10-07 19:22:57 нет в архиве: 10 (aia, band, carv, dia, edu, orca, parti, rlc, ta, ygg); беру 8, остальных возьмёт следующий прогон
2026-10-07 19:22:57 добор новичков: aia, band, carv, dia, edu, orca, parti, rlc
2026-10-07 19:22:58 код 1 · токен/тариф не отвечает даже на минимальный запрос — стоп
2026-10-07 19:22:58 данные по 2026-10-03, ждём 2026-10-06 (возраст 69.4 ч)
2026-10-07 19:22:58 дозабор, попытка 1: /Users/evgenijminko/Work/random/python/cryptoquant_fetch.py --update --journal /Users/evgenijminko/Work/random/python/output/leaders.json --out /Users/evgenijminko/Work/random/python/cq_v2
2026-10-07 19:23:00 код 1 · токен/тариф не отвечает даже на минимальный запрос — стоп
2026-10-07 19:40:11 дозабор, попытка 3: /Users/evgenijminko/Work/random/python/cryptoquant_fetch.py --update --journal /Users/evgenijminko/Work/random/python/output/leaders.json --out /Users/evgenijminko/Work/random/python/cq_v2
2026-10-07 19:40:12 код 1 · токен/тариф не отвечает даже на минимальный запрос — стоп
2026-10-07 19:52:59 дозабор, попытка 2: /Users/evgenijminko/Work/random/python/cryptoquant_fetch.py --update --journal /Users/evgenijminko/Work/random/python/output/leaders.json --out /Users/evgenijminko/Work/random/python/cq_v2
2026-10-07 19:53:01 код 1 · токен/тариф не отвечает даже на минимальный запрос — стоп
2026-10-07 20:02:23 нет в архиве: 10 (aia, band, carv, dia, edu, orca, parti, rlc, ta, ygg); беру 8, остальных возьмёт следующий прогон
2026-10-07 20:02:23 добор новичков: aia, band, carv, dia, edu, orca, parti, rlc
2026-10-07 20:02:25 код 1 · токен/тариф не отвечает даже на минимальный запрос — стоп
2026-10-07 20:02:25 данные по 2026-10-03, ждём 2026-10-06 (возраст 70.1 ч)
2026-10-07 20:02:25 дозабор, попытка 1: /Users/evgenijminko/Work/random/python/cryptoquant_fetch.py --update --journal /Users/evgenijminko/Work/random/python/output/leaders.json --out /Users/evgenijminko/Work/random/python/cq_v2
2026-10-07 20:02:27 код 1 · токен/тариф не отвечает даже на минимальный запрос — стоп
2026-10-07 20:23:01 дозабор, попытка 3: /Users/evgenijminko/Work/random/python/cryptoquant_fetch.py --update --journal /Users/evgenijminko/Work/random/python/output/leaders.json --out /Users/evgenijminko/Work/random/python/cq_v2
2026-10-07 20:23:02 код 1 · токен/тариф не отвечает даже на минимальный запрос — стоп
2026-10-07 20:32:27 дозабор, попытка 2: /Users/evgenijminko/Work/random/python/cryptoquant_fetch.py --update --journal /Users/evgenijminko/Work/random/python/output/leaders.json --out /Users/evgenijminko/Work/random/python/cq_v2
2026-10-07 20:32:28 код 1 · токен/тариф не отвечает даже на минимальный запрос — стоп
2026-10-07 20:40:04 нет в архиве: 10 (aia, band, carv, dia, edu, orca, parti, rlc, ta, ygg); беру 8, остальных возьмёт следующий прогон
2026-10-07 20:40:04 добор новичков: aia, band, carv, dia, edu, orca, parti, rlc
2026-10-07 20:40:05 код 1 · токен/тариф не отвечает даже на минимальный запрос — стоп
2026-10-07 20:40:05 данные по 2026-10-03, ждём 2026-10-06 (возраст 70.7 ч)
2026-10-07 20:40:05 дозабор, попытка 1: /Users/evgenijminko/Work/random/python/cryptoquant_fetch.py --update --journal /Users/evgenijminko/Work/random/python/output/leaders.json --out /Users/evgenijminko/Work/random/python/cq_v2
2026-10-07 20:40:07 код 1 · токен/тариф не отвечает даже на минимальный запрос — стоп
2026-10-07 21:02:28 дозабор, попытка 3: /Users/evgenijminko/Work/random/python/cryptoquant_fetch.py --update --journal /Users/evgenijminko/Work/random/python/output/leaders.json --out /Users/evgenijminko/Work/random/python/cq_v2
2026-10-07 21:02:29 код 1 · токен/тариф не отвечает даже на минимальный запрос — стоп
2026-10-07 21:10:06 дозабор, попытка 2: /Users/evgenijminko/Work/random/python/cryptoquant_fetch.py --update --journal /Users/evgenijminko/Work/random/python/output/leaders.json --out /Users/evgenijminko/Work/random/python/cq_v2
2026-10-07 21:10:08 код 1 · токен/тариф не отвечает даже на минимальный запрос — стоп
2026-10-07 21:17:32 нет в архиве: 10 (aia, band, carv, dia, edu, orca, parti, rlc, ta, ygg); беру 8, остальных возьмёт следующий прогон
2026-10-07 21:17:32 добор новичков: aia, band, carv, dia, edu, orca, parti, rlc
2026-10-07 21:17:34 код 1 · токен/тариф не отвечает даже на минимальный запрос — стоп
2026-10-07 21:17:34 данные по 2026-10-03, ждём 2026-10-06 (возраст 71.3 ч)
2026-10-07 21:17:34 дозабор, попытка 1: /Users/evgenijminko/Work/random/python/cryptoquant_fetch.py --update --journal /Users/evgenijminko/Work/random/python/output/leaders.json --out /Users/evgenijminko/Work/random/python/cq_v2
2026-10-07 21:17:35 код 1 · токен/тариф не отвечает даже на минимальный запрос — стоп
2026-10-07 21:40:08 дозабор, попытка 3: /Users/evgenijminko/Work/random/python/cryptoquant_fetch.py --update --journal /Users/evgenijminko/Work/random/python/output/leaders.json --out /Users/evgenijminko/Work/random/python/cq_v2
2026-10-07 21:40:09 код 1 · токен/тариф не отвечает даже на минимальный запрос — стоп
2026-10-07 21:47:35 дозабор, попытка 2: /Users/evgenijminko/Work/random/python/cryptoquant_fetch.py --update --journal /Users/evgenijminko/Work/random/python/output/leaders.json --out /Users/evgenijminko/Work/random/python/cq_v2
2026-10-07 21:47:36 код 1 · токен/тариф не отвечает даже на минимальный запрос — стоп
2026-10-07 21:53:26 нет в архиве: 10 (aia, band, carv, dia, edu, orca, parti, rlc, ta, ygg); беру 8, остальных возьмёт следующий прогон
2026-10-07 21:53:26 добор новичков: aia, band, carv, dia, edu, orca, parti, rlc
2026-10-07 21:53:28 код 1 · токен/тариф не отвечает даже на минимальный запрос — стоп
2026-10-07 21:53:28 данные по 2026-10-03, ждём 2026-10-06 (возраст 71.9 ч)
2026-10-07 21:53:28 дозабор, попытка 1: /Users/evgenijminko/Work/random/python/cryptoquant_fetch.py --update --journal /Users/evgenijminko/Work/random/python/output/leaders.json --out /Users/evgenijminko/Work/random/python/cq_v2
2026-10-07 21:53:29 код 1 · токен/тариф не отвечает даже на минимальный запрос — стоп
2026-10-07 22:17:36 дозабор, попытка 3: /Users/evgenijminko/Work/random/python/cryptoquant_fetch.py --update --journal /Users/evgenijminko/Work/random/python/output/leaders.json --out /Users/evgenijminko/Work/random/python/cq_v2
2026-10-07 22:17:37 код 1 · токен/тариф не отвечает даже на минимальный запрос — стоп
2026-10-07 22:23:29 дозабор, попытка 2: /Users/evgenijminko/Work/random/python/cryptoquant_fetch.py --update --journal /Users/evgenijminko/Work/random/python/output/leaders.json --out /Users/evgenijminko/Work/random/python/cq_v2
2026-10-07 22:23:31 код 1 · токен/тариф не отвечает даже на минимальный запрос — стоп
2026-10-07 22:29:45 нет в архиве: 10 (aia, band, carv, dia, edu, orca, parti, rlc, ta, ygg); беру 8, остальных возьмёт следующий прогон
2026-10-07 22:29:45 добор новичков: aia, band, carv, dia, edu, orca, parti, rlc
2026-10-07 22:29:47 код 1 · токен/тариф не отвечает даже на минимальный запрос — стоп
2026-10-07 22:29:47 данные по 2026-10-03, ждём 2026-10-06 (возраст 72.5 ч)
2026-10-07 22:29:47 дозабор, попытка 1: /Users/evgenijminko/Work/random/python/cryptoquant_fetch.py --update --journal /Users/evgenijminko/Work/random/python/output/leaders.json --out /Users/evgenijminko/Work/random/python/cq_v2
2026-10-07 22:29:48 код 1 · токен/тариф не отвечает даже на минимальный запрос — стоп
2026-10-07 22:53:31 дозабор, попытка 3: /Users/evgenijminko/Work/random/python/cryptoquant_fetch.py --update --journal /Users/evgenijminko/Work/random/python/output/leaders.json --out /Users/evgenijminko/Work/random/python/cq_v2
2026-10-07 22:53:32 код 1 · токен/тариф не отвечает даже на минимальный запрос — стоп
2026-10-07 22:59:48 дозабор, попытка 2: /Users/evgenijminko/Work/random/python/cryptoquant_fetch.py --update --journal /Users/evgenijminko/Work/random/python/output/leaders.json --out /Users/evgenijminko/Work/random/python/cq_v2
2026-10-07 22:59:49 код 1 · токен/тариф не отвечает даже на минимальный запрос — стоп
2026-10-07 23:11:46 нет в архиве: 10 (aia, band, carv, dia, edu, orca, parti, rlc, ta, ygg); беру 8, остальных возьмёт следующий прогон
2026-10-07 23:11:46 добор новичков: aia, band, carv, dia, edu, orca, parti, rlc
2026-10-07 23:11:47 код 1 · токен/тариф не отвечает даже на минимальный запрос — стоп
2026-10-07 23:11:47 данные по 2026-10-03, ждём 2026-10-06 (возраст 73.2 ч)
2026-10-07 23:11:47 дозабор, попытка 1: /Users/evgenijminko/Work/random/python/cryptoquant_fetch.py --update --journal /Users/evgenijminko/Work/random/python/output/leaders.json --out /Users/evgenijminko/Work/random/python/cq_v2
2026-10-07 23:11:48 код 1 · токен/тариф не отвечает даже на минимальный запрос — стоп
2026-10-07 23:29:49 дозабор, попытка 3: /Users/evgenijminko/Work/random/python/cryptoquant_fetch.py --update --journal /Users/evgenijminko/Work/random/python/output/leaders.json --out /Users/evgenijminko/Work/random/python/cq_v2
2026-10-07 23:29:50 код 1 · токен/тариф не отвечает даже на минимальный запрос — стоп
2026-10-07 23:41:48 дозабор, попытка 2: /Users/evgenijminko/Work/random/python/cryptoquant_fetch.py --update --journal /Users/evgenijminko/Work/random/python/output/leaders.json --out /Users/evgenijminko/Work/random/python/cq_v2
2026-10-07 23:41:53 код 1 · токен/тариф не отвечает даже на минимальный запрос — стоп
2026-10-08 00:11:53 дозабор, попытка 3: /Users/evgenijminko/Work/random/python/cryptoquant_fetch.py --update --journal /Users/evgenijminko/Work/random/python/output/leaders.json --out /Users/evgenijminko/Work/random/python/cq_v2
2026-10-08 00:11:54 код 1 · токен/тариф не отвечает даже на минимальный запрос — стоп
2026-10-08 00:16:52 нет в архиве: 10 (aia, band, carv, dia, edu, orca, parti, rlc, ta, ygg); беру 8, остальных возьмёт следующий прогон
2026-10-08 00:16:52 добор новичков: aia, band, carv, dia, edu, orca, parti, rlc
2026-10-08 00:16:54 код 1 · токен/тариф не отвечает даже на минимальный запрос — стоп
2026-10-08 00:16:54 данные по 2026-10-03, ждём 2026-10-06 (возраст 74.3 ч)
2026-10-08 00:16:54 дозабор, попытка 1: /Users/evgenijminko/Work/random/python/cryptoquant_fetch.py --update --journal /Users/evgenijminko/Work/random/python/output/leaders.json --out /Users/evgenijminko/Work/random/python/cq_v2
2026-10-08 00:16:55 код 1 · токен/тариф не отвечает даже на минимальный запрос — стоп
2026-10-08 00:46:55 дозабор, попытка 2: /Users/evgenijminko/Work/random/python/cryptoquant_fetch.py --update --journal /Users/evgenijminko/Work/random/python/output/leaders.json --out /Users/evgenijminko/Work/random/python/cq_v2
2026-10-08 00:46:57 код 1 · токен/тариф не отвечает даже на минимальный запрос — стоп
2026-10-08 01:01:30 нет в архиве: 10 (aia, band, carv, dia, edu, orca, parti, rlc, ta, ygg); беру 8, остальных возьмёт следующий прогон
2026-10-08 01:01:30 добор новичков: aia, band, carv, dia, edu, orca, parti, rlc
2026-10-08 01:01:31 код 1 · токен/тариф не отвечает даже на минимальный запрос — стоп
2026-10-08 01:01:31 данные по 2026-10-03, ждём 2026-10-07 (возраст 75.1 ч)
2026-10-08 01:01:31 дозабор, попытка 1: /Users/evgenijminko/Work/random/python/cryptoquant_fetch.py --update --journal /Users/evgenijminko/Work/random/python/output/leaders.json --out /Users/evgenijminko/Work/random/python/cq_v2
2026-10-08 01:01:33 код 1 · токен/тариф не отвечает даже на минимальный запрос — стоп
2026-10-08 01:16:57 дозабор, попытка 3: /Users/evgenijminko/Work/random/python/cryptoquant_fetch.py --update --journal /Users/evgenijminko/Work/random/python/output/leaders.json --out /Users/evgenijminko/Work/random/python/cq_v2
2026-10-08 01:16:58 код 1 · токен/тариф не отвечает даже на минимальный запрос — стоп
2026-10-08 01:31:33 дозабор, попытка 2: /Users/evgenijminko/Work/random/python/cryptoquant_fetch.py --update --journal /Users/evgenijminko/Work/random/python/output/leaders.json --out /Users/evgenijminko/Work/random/python/cq_v2
2026-10-08 01:31:34 код 1 · токен/тариф не отвечает даже на минимальный запрос — стоп
2026-10-08 01:52:47 нет в архиве: 10 (aia, band, carv, dia, edu, orca, parti, rlc, ta, ygg); беру 8, остальных возьмёт следующий прогон
2026-10-08 01:52:47 добор новичков: aia, band, carv, dia, edu, orca, parti, rlc
2026-10-08 01:52:49 код 1 · токен/тариф не отвечает даже на минимальный запрос — стоп
2026-10-08 01:52:49 данные по 2026-10-03, ждём 2026-10-07 (возраст 75.9 ч)
2026-10-08 01:52:49 дозабор, попытка 1: /Users/evgenijminko/Work/random/python/cryptoquant_fetch.py --update --journal /Users/evgenijminko/Work/random/python/output/leaders.json --out /Users/evgenijminko/Work/random/python/cq_v2
2026-10-08 01:52:50 код 1 · токен/тариф не отвечает даже на минимальный запрос — стоп
